Full author list,First Author(s) & Year,Article Title,Application/Technology,Tech Used,Drone type,is_ag,DOI Link,Abstract,Country(ies),Tools,SEA_status,Section_relevance,In_manuscript
<openpyxl.worksheet.formula.ArrayFormula object at 0xe80bbac820b0>,Abramowitz et al. (2023),Differentiating oil palm plantations from natural forest to improve land cover mapping in Ghana,Oil palm plantation mapping,Satellite,,1,10.1016/j.rsase.2023.100968,<openpyxl.worksheet.formula.ArrayFormula object at 0xe80bbac82050>,Ghana,<openpyxl.worksheet.formula.ArrayFormula object at 0xe80bbac81ff0>,Non-SEA → review for removal,2.1 Remote Sensing,Yes
<openpyxl.worksheet.formula.ArrayFormula object at 0xe80bbac82920>,Afuye et al. (2024),Global trend assessment of land use and land cover changes: A systematic approach to future research development and planning,LULC change research trend assessment,NA (Systematic Review),,,10.1016/j.jksus.2024.103262,<openpyxl.worksheet.formula.ArrayFormula object at 0xe80bbac82980>,Global,<openpyxl.worksheet.formula.ArrayFormula object at 0xe80bbac829e0>,Background (keep),Intro/Background,No
<openpyxl.worksheet.formula.ArrayFormula object at 0xe80bbac82fb0>,Agarwal & Lambin (2024),"Interventions to control forest loss in a swidden cultivation landscape in Nan Province, Thailand",Forest loss in swidden cultivation landscape,Satellite,,0,10.1007/s10113-024-02286-5,<openpyxl.worksheet.formula.ArrayFormula object at 0xe80bbac83010>,Thailand,<openpyxl.worksheet.formula.ArrayFormula object at 0xe80bbac83070>,SEA,2.1 Remote Sensing,No
<openpyxl.worksheet.formula.ArrayFormula object at 0xe80bbac80520>,Agduma & Cao (2023),"Species richness, extent and potential threats to mangroves of Sarangani Bay Protected Seascape, Philippines",Mangrove species richness and threats assessment,NA (Spatial analysis),,0,10.3897/BDJ.11.e100050,<openpyxl.worksheet.formula.ArrayFormula object at 0xe80bbac804c0>,Philippines,<openpyxl.worksheet.formula.ArrayFormula object at 0xe80bbac80460>,SEA,General,No
<openpyxl.worksheet.formula.ArrayFormula object at 0xe80bbac82440>,Ahmad et al. (2025),Land use and land cover dynamics in the Irrawaddy Delta: Remote sensing analysis and projections for the future,LULC dynamics and future projections,Satellite,,0,10.1016/j.rsase.2025.101607,<openpyxl.worksheet.formula.ArrayFormula object at 0xe80bbac836a0>,Myanmar,<openpyxl.worksheet.formula.ArrayFormula object at 0xe80bbac83700>,SEA,2.1 Remote Sensing,Yes
<openpyxl.worksheet.formula.ArrayFormula object at 0xe80bbbc3d780>,Ahmad et al. (2024),Role of Smart Agriculture Techniques in Food Security: A Systematic Review,Smart agriculture techniques review,"Satellite, Drone, IoT, Sensors",others,1,10.1111/jac.12758,<openpyxl.worksheet.formula.ArrayFormula object at 0xe80bbbc3d5a0>,Global (Multiple),<openpyxl.worksheet.formula.ArrayFormula object at 0xe80bbbc3caf0>,Background (keep),2.1 Remote Sensing; 2.2 IoT; Intro/Background,Yes
<openpyxl.worksheet.formula.ArrayFormula object at 0xe80bbbc3c280>,Ahmadi et al. (2023),CONVOLUTIONAL SVM NETWORKS FOR DETECTION OF GANODERMA BONINENSE AT EARLY STAGE IN OIL PALM USING UAV AND MULTISPECTRAL PLEIADES IMAGES,Ganoderma disease detection in oil palm,"Drone, Satellite",ms,1,10.5194/isprs-annals-X-4-W1-2022-25-2023,<openpyxl.worksheet.formula.ArrayFormula object at 0xe80bbbc3ead0>,Malaysia,<openpyxl.worksheet.formula.ArrayFormula object at 0xe80bbbc3f040>,SEA,"2.1 Remote Sensing, 2.4 AI Models",Yes
<openpyxl.worksheet.formula.ArrayFormula object at 0xe80bbbc3cd90>,Albertazzi & Bini (2025),Tropical deforestation and the state: Settlement schemes in the Mau forest of Kenya (1991-2001),Deforestation and settlement scheme analysis,Satellite,,0,10.1016/j.wdp.2025.100675,<openpyxl.worksheet.formula.ArrayFormula object at 0xe80bbbc3e0e0>,Kenya,<openpyxl.worksheet.formula.ArrayFormula object at 0xe80bbbc3e080>,Non-SEA → review for removal,2.1 Remote Sensing,No
<openpyxl.worksheet.formula.ArrayFormula object at 0xe80bbb9f6b60>,Alaboz et al. (2023),Soil quality assessment based on machine learning approach for cultivated lands in semi-humid environmental condition part of Black Sea region,Soil quality assessment,NA (GIS),,0,10.1080/03650340.2023.2248002,<openpyxl.worksheet.formula.ArrayFormula object at 0xe80bbb9f6b00>,Turkey,<openpyxl.worksheet.formula.ArrayFormula object at 0xe80bbb9f76d0>,Non-SEA → review for removal,General,No
<openpyxl.worksheet.formula.ArrayFormula object at 0xe80bbb9f7250>,Alejo et al. (2024),"Spacio-Temporal Estimation of Soil Erosion by Revised Universal Soil Loss Equation Model in Pantabangan-Carranglan Watershed, Philippines",Soil erosion estimation,"Satellite, GIS",,0,10.12911/22998993/191029,<openpyxl.worksheet.formula.ArrayFormula object at 0xe80bbb9f71f0>,Philippines,<openpyxl.worksheet.formula.ArrayFormula object at 0xe80bbb9f7040>,SEA,2.1 Remote Sensing,Yes
<openpyxl.worksheet.formula.ArrayFormula object at 0xe80bbb9f78e0>,Alonzo et al. (2023),Drought Risk Assessment and Monitoring of Ilocos Norte Province in the Philippines Using Satellite Remote Sensing and Meteorological Data,Drought risk assessment & monitoring,Satellite,,1,10.3390/agriengineering5020045,<openpyxl.worksheet.formula.ArrayFormula object at 0xe80bbb9f7940>,Philippines,<openpyxl.worksheet.formula.ArrayFormula object at 0xe80bbb9f79a0>,SEA,2.1 Remote Sensing,No
<openpyxl.worksheet.formula.ArrayFormula object at 0xe80bbb9f6e30>,Amongo et al. (2023),"A GIS-based land suitability model for agricultural tractors in CALABARZON Region, Philippines",Land suitability for agricultural tractors,NA (GIS),,1,10.1038/s41598-023-45071-w,<openpyxl.worksheet.formula.ArrayFormula object at 0xe80bbb9f6e90>,Philippines,<openpyxl.worksheet.formula.ArrayFormula object at 0xe80bbb9f6f80>,SEA,2.3 Robotics,No
<openpyxl.worksheet.formula.ArrayFormula object at 0xe80bbb9f4f70>,Ampha & Wongbumru (2025),"The Analysis of Agricultural Areas to Support Urban Development based on Green Economy in Roi Et Province, Thailand",Agricultural area analysis for urban development,NA (GIS),,1,10.14246/irspsd.13.2_90,<openpyxl.worksheet.formula.ArrayFormula object at 0xe80bbb9f5180>,Thailand,<openpyxl.worksheet.formula.ArrayFormula object at 0xe80bbb9f51e0>,SEA,General,No
<openpyxl.worksheet.formula.ArrayFormula object at 0xe80bbb9f4b80>,Anh & Hanh (2025),"Toward Sustainable Agriculture: An Evaluation of Mechanization Practices in Small-Scale Paddy Farming in the Mekong River Delta, Vietnam",Mechanization in small-scale paddy farming,NA (Survey data),,1,10.37801/ajad2025.22.1.2,<openpyxl.worksheet.formula.ArrayFormula object at 0xe80bbb9f4be0>,Vietnam,<openpyxl.worksheet.formula.ArrayFormula object at 0xe80bbb9f4c40>,SEA,2.3 Robotics,No
<openpyxl.worksheet.formula.ArrayFormula object at 0xe80bbb8c1930>,Ansari et al. (2024),"Forest cover change and its carbon dynamic of the karst area in Bulusaraung, South Sulawesi, Indonesia",Forest cover change & carbon dynamics in karst areas,Satellite,,0,10.1080/21580103.2024.2343344,<openpyxl.worksheet.formula.ArrayFormula object at 0xe80bbb8c18d0>,Indonesia,<openpyxl.worksheet.formula.ArrayFormula object at 0xe80bbb8c17e0>,SEA,2.1 Remote Sensing,No
<openpyxl.worksheet.formula.ArrayFormula object at 0xe80bbb8c12a0>,Ariska et al. (2025),"Groundwater Potential Mapping (GWPM) using Analytical Hierarchy Process (AHP) in Bengkulu City, Indonesia",Groundwater potential mapping,"NA (GIS, AHP)",,0,10.17794/rgn.2025.3.1,<openpyxl.worksheet.formula.ArrayFormula object at 0xe80bbb8c1240>,Indonesia,<openpyxl.worksheet.formula.ArrayFormula object at 0xe80bbb8c11e0>,SEA,General,No
<openpyxl.worksheet.formula.ArrayFormula object at 0xe80bbb8c1cf0>,Arumugam et al. (2024),"Land use changes and climate parameters assessments in a tropical highland region of Cameron Highlands, Malaysia",LULC & climate parameter assessments,Satellite,,0,10.2166/wcc.2024.552,<openpyxl.worksheet.formula.ArrayFormula object at 0xe80bbb8c1c90>,Malaysia,<openpyxl.worksheet.formula.ArrayFormula object at 0xe80bbb8c0250>,SEA,2.1 Remote Sensing,No
<openpyxl.worksheet.formula.ArrayFormula object at 0xe80bbb8c2920>,Asawapaisankul et al. (2025),Correlation of yield and vegetation indices from unmanned aerial vehicle multispectral imagery in Thailand rice production systems,Rice yield & vegetation indices correlation,Drone,ms,1,10.1002/agg2.70107,<openpyxl.worksheet.formula.ArrayFormula object at 0xe80bbb8c28c0>,Thailand,<openpyxl.worksheet.formula.ArrayFormula object at 0xe80bbb8c0a30>,SEA,2.1 Remote Sensing,Yes
<openpyxl.worksheet.formula.ArrayFormula object at 0xe80bbb8c22f0>,Asmara et al. (2024),"Spatial identification of lost-and-found carbon hotspots at Javanese rice systems, Indonesia",Carbon stock potential in rice systems,Satellite,,1,10.1016/j.agsy.2023.103834,<openpyxl.worksheet.formula.ArrayFormula object at 0xe80bbb8c1ba0>,Indonesia,<openpyxl.worksheet.formula.ArrayFormula object at 0xe80bbb8c1fc0>,SEA,2.1 Remote Sensing,Yes
<openpyxl.worksheet.formula.ArrayFormula object at 0xe80bbb8c3550>,Asyiqin & Ong (2025),"Adapting forest plantations to climate change: strategies, challenges, and opportunities in Malaysia",Forest plantation adaptation to climate change,"NA (Review, Remote Sensing)",,,10.1007/s11056-025-10105-w,<openpyxl.worksheet.formula.ArrayFormula object at 0xe80bbb8c3e20>,Malaysia,<openpyxl.worksheet.formula.ArrayFormula object at 0xe80bbb8c3dc0>,SEA,2.1 Remote Sensing; Intro/Background,No
<openpyxl.worksheet.formula.ArrayFormula object at 0xe80bbb8c2620>,Azizan et al. (2023),Rubber leaf fall phenomenon linked to increased temperature,Rubber leaf fall phenology & temperature linkage,Satellite,,1,10.1016/j.agee.2023.108531,<openpyxl.worksheet.formula.ArrayFormula object at 0xe80bbb8c2680>,"Indonesia, Sri Lanka, Malaysia, Cambodia",<openpyxl.worksheet.formula.ArrayFormula object at 0xe80bbb8c26e0>,SEA,2.1 Remote Sensing,No
<openpyxl.worksheet.formula.ArrayFormula object at 0xe80bbb8c2bc0>,Baharim et al. (2024),Modelling water use efficiency (WUE) for estimating the severity of Ganoderma boninense-derived basal stem rot disease in oil palm,Oil palm disease severity estimation,"Drone, Sensors (Hyperspectral)",hs,1,10.1007/s42161-024-01770-5,<openpyxl.worksheet.formula.ArrayFormula object at 0xe80bbb8c2c20>,"Malaysia, Indonesia",<openpyxl.worksheet.formula.ArrayFormula object at 0xe80bbb8c2c80>,SEA,2.1 Remote Sensing; 2.2 IoT,Yes
<openpyxl.worksheet.formula.ArrayFormula object at 0xe80bbb9668f0>,Baite et al. (2024),"Agricultural land suitability analysis in Manipur, India using GIS and AHP",Agricultural land suitability analysis,Satellite,,1,10.14712/23361980.2024.6,<openpyxl.worksheet.formula.ArrayFormula object at 0xe80bbb966950>,India,<openpyxl.worksheet.formula.ArrayFormula object at 0xe80bbb9669b0>,Non-SEA → review for removal,2.1 Remote Sensing,No
<openpyxl.worksheet.formula.ArrayFormula object at 0xe80bbb965b10>,Baldovino & Laurel (2024),Design and Development of a Tri-copter/Fixed-wing VTOL Drone for Post-Disaster Applications,VTOL drone design for post-disaster use,Drone,,0,10.1109/ICOM61675.2024.10652407,<openpyxl.worksheet.formula.ArrayFormula object at 0xe80bbb965ab0>,Philippines,<openpyxl.worksheet.formula.ArrayFormula object at 0xe80bbb965a50>,SEA,2.1 Remote Sensing,Yes
<openpyxl.worksheet.formula.ArrayFormula object at 0xe80bbb966110>,Banu et al. (2024),"Land suitability analysis for turmeric crop for humid tropical Kerala, India, under current and future climate scenarios using advanced geospatial techniques",Turmeric crop suitability analysis,NA (Geospatial techniques),,1,10.1002/jsfa.13299,<openpyxl.worksheet.formula.ArrayFormula object at 0xe80bbb9665c0>,India,<openpyxl.worksheet.formula.ArrayFormula object at 0xe80bbb966620>,Non-SEA → review for removal,General,No
<openpyxl.worksheet.formula.ArrayFormula object at 0xe80bbb9645b0>,Barbieri et al. (2025),Rice area-yield estimation based on the synergistic use of remote sensing time-series and crop growth modeling in Nigeria,Rice area-yield estimation,Satellite,,1,10.1016/j.atech.2025.101024,<openpyxl.worksheet.formula.ArrayFormula object at 0xe80bbb964550>,Nigeria,<openpyxl.worksheet.formula.ArrayFormula object at 0xe80bbb967880>,Non-SEA → review for removal,2.1 Remote Sensing,No
<openpyxl.worksheet.formula.ArrayFormula object at 0xe80bbb964ee0>,Basyuni et al. (2025),Reduction of mangrove carbon stock ecosystems due to illegal logging using a combination of unmanned aerial vehicle imagery and field surveys,Mangrove carbon stock assessment & illegal logging,"Drone, Satellite",,0,10.22034/gjesm.2025.01.14,<openpyxl.worksheet.formula.ArrayFormula object at 0xe80bbb964f40>,Indonesia,<openpyxl.worksheet.formula.ArrayFormula object at 0xe80bbb964fa0>,SEA,2.1 Remote Sensing,No
<openpyxl.worksheet.formula.ArrayFormula object at 0xe80bbb967340>,Bate & Dagamac (2025),Wallow land suitability assessment using GIS-based multicriteria decision-making framework,Wallow land suitability assessment for tamaraw,NA (GIS),,0,10.1007/s10661-025-14111-5,<openpyxl.worksheet.formula.ArrayFormula object at 0xe80bbb9673a0>,Philippines,<openpyxl.worksheet.formula.ArrayFormula object at 0xe80bbb9674c0>,SEA,General,No
<openpyxl.worksheet.formula.ArrayFormula object at 0xe80bbb966e60>,Bautista et al. (2024),Development and Implementation of Drone Attachment Tank Sprayer (DATS),Drone sprayer development,Drone,others,1,10.1109/ICMRE60776.2024.10532154,<openpyxl.worksheet.formula.ArrayFormula object at 0xe80bbb966e00>,Philippines,<openpyxl.worksheet.formula.ArrayFormula object at 0xe80bbb966da0>,SEA,2.1 Remote Sensing; 2.3 Robotics,No
<openpyxl.worksheet.formula.ArrayFormula object at 0xe80bbb965420>,Bayrakli et al. (2023),Soil quality assessment based on MCDA-GIS hybrid approach for sustainable hazelnut farming under humid ecosystem environment,Soil quality assessment for hazelnut farming,NA (GIS),,1,10.1007/s12210-023-01179-9,<openpyxl.worksheet.formula.ArrayFormula object at 0xe80bbb965480>,Turkey,<openpyxl.worksheet.formula.ArrayFormula object at 0xe80bbb9654e0>,Non-SEA → review for removal,2.3 Robotics,Yes
<openpyxl.worksheet.formula.ArrayFormula object at 0xe80bbb9656f0>,Bellam et al. (2023),Mapping Shrimp Pond Dynamics: A Spatiotemporal Study Using Remote Sensing Data and Machine Learning,Shrimp pond mapping & monitoring,Satellite,,1,10.3390/agriengineering5030089,<openpyxl.worksheet.formula.ArrayFormula object at 0xe80bbb966890>,Vietnam,<openpyxl.worksheet.formula.ArrayFormula object at 0xe80bbb8c60e0>,SEA,"2.1 Remote Sensing, 2.4 AI Models",No
<openpyxl.worksheet.formula.ArrayFormula object at 0xe80bbb8c5d20>,Belton et al. (2025),Geospatial analysis enables combined poultry-fish farm monitoring in the fragile state of Myanmar,Poultry-fish farm monitoring,Satellite,,1,10.1038/s43016-025-01192-1,<openpyxl.worksheet.formula.ArrayFormula object at 0xe80bbb8c67d0>,Myanmar,<openpyxl.worksheet.formula.ArrayFormula object at 0xe80bbb8c6830>,SEA,2.1 Remote Sensing; 2.3 Robotics,No
<openpyxl.worksheet.formula.ArrayFormula object at 0xe80bbb8c77c0>,Berchoux et al. (2023),Effect of planning policies on land use dynamics and livelihood opportunities under global environmental change: Evidence from the Mekong Delta,Land use dynamics & livelihood opportunities,Satellite,,0,10.1016/j.landusepol.2023.106752,<openpyxl.worksheet.formula.ArrayFormula object at 0xe80bbb8c7b50>,Vietnam,<openpyxl.worksheet.formula.ArrayFormula object at 0xe80bbb8c5450>,SEA,2.1 Remote Sensing,No
<openpyxl.worksheet.formula.ArrayFormula object at 0xe80bbb8c6560>,Bethuel et al. (2025),"Applying the Dempster-Shafer Fusion Theory to Combine Independent Land-Use Maps: A Case Study on the Mapping of Oil Palm Plantations in Sumatra, Indonesia",Oil palm plantation mapping,NA (Data Fusion of existing maps),,1,10.3390/rs17020234,<openpyxl.worksheet.formula.ArrayFormula object at 0xe80bbb8c79a0>,Indonesia,<openpyxl.worksheet.formula.ArrayFormula object at 0xe80bbb8c7940>,SEA,General,Yes
<openpyxl.worksheet.formula.ArrayFormula object at 0xe80bbb8c4130>,Bethuel et al. (2024),DISCRIMINATING INDUSTRIAL AND SMALLHOLDER OIL PALM PLANTATIONS IN INDONESIA USING SENTINEL-1 TEXTURAL FEATURES,Discriminating industrial and smallholder oil palm,Satellite,,1,10.1109/IGARSS53475.2024.10641360,<openpyxl.worksheet.formula.ArrayFormula object at 0xe80bbb8c4940>,Indonesia,<openpyxl.worksheet.formula.ArrayFormula object at 0xe80bbb8c42e0>,SEA,2.1 Remote Sensing; 4/5 Practical/Adoption,Yes
<openpyxl.worksheet.formula.ArrayFormula object at 0xe80bbb8c6290>,Bhandari & Xue (2025),"Integrating multivariate statistical analysis and geospatial approaches for sediment contamination: a case study in the great Chao Phraya River network, Thailand",Sediment contamination analysis,NA (Geospatial approaches),,0,10.1007/s11368-025-04051-5,<openpyxl.worksheet.formula.ArrayFormula object at 0xe80bbb8c62f0>,Thailand,<openpyxl.worksheet.formula.ArrayFormula object at 0xe80bbb8c6350>,SEA,General,No
<openpyxl.worksheet.formula.ArrayFormula object at 0xe80bbb8cbd30>,Bhumiphan et al. (2023),Estimation of Rubber Yield Using Sentinel-2 Satellite Data,Rubber yield estimation,Satellite,,1,10.3390/su15097223,<openpyxl.worksheet.formula.ArrayFormula object at 0xe80bbb8cbd90>,Thailand,<openpyxl.worksheet.formula.ArrayFormula object at 0xe80bbb8cb5e0>,SEA,2.1 Remote Sensing,Yes
<openpyxl.worksheet.formula.ArrayFormula object at 0xe80bbb8c81c0>,Binh et al. (2024),Application of GIS in land unit mapping and evaluation of land suitability for agriculture in Uong Bi district - Quang Ninh province,Land unit mapping & suitability for agriculture,NA (GIS),,1,10.1088/1755-1315/1345/1/012017,<openpyxl.worksheet.formula.ArrayFormula object at 0xe80bbb8c9810>,Vietnam,<openpyxl.worksheet.formula.ArrayFormula object at 0xe80bbb8cb6a0>,SEA,General,No
<openpyxl.worksheet.formula.ArrayFormula object at 0xe80bbb8c9f00>,Blanton et al. (2024),Ecotourism and mangrove conservation in Southeast Asia: Current trends and perspectives,Ecotourism & mangrove conservation,NA (Literature Review),,,10.1016/j.jenvman.2024.121529,<openpyxl.worksheet.formula.ArrayFormula object at 0xe80bbb8c8370>,Southeast Asia,<openpyxl.worksheet.formula.ArrayFormula object at 0xe80bbb8c8430>,SEA,Intro/Background,No
<openpyxl.worksheet.formula.ArrayFormula object at 0xe80bbb8cb4c0>,Bolanio et al. (2024),"Estimating Rice Crop Yield based on the Sentinel-1A C-Band SAR Data: A Focus in the Rice Granary Capital of Agusan del Sur, Philippines",Rice crop yield estimation,Satellite,,1,10.1117/12.3009655,<openpyxl.worksheet.formula.ArrayFormula object at 0xe80bbb8c9090>,Philippines,<openpyxl.worksheet.formula.ArrayFormula object at 0xe80bbb8cb610>,SEA,2.1 Remote Sensing,Yes
<openpyxl.worksheet.formula.ArrayFormula object at 0xe80bbb8c9630>,Boonman et al. (2025),Two-Phase Approach for Designing Sustainable Biomass Supply Chains for Community-Scale Biomass Power Plants in Thailand,Biomass supply chain design,"NA (GIS, MCDM)",,0,10.3390/en18030520,<openpyxl.worksheet.formula.ArrayFormula object at 0xe80bbb8cb100>,Thailand,<openpyxl.worksheet.formula.ArrayFormula object at 0xe80bbb8cb160>,SEA,3.1 HTP/Phenotyping,No
<openpyxl.worksheet.formula.ArrayFormula object at 0xe80bbb9ff3a0>,Boonprong & Khantachawana (2023),Bare Land Referenced Algorithm from Hyper-Temporal Data (BRAH) for Land Use and Land Cover Age Estimation,Land use/land cover age estimation,Satellite,,0,10.3390/land12071387,<openpyxl.worksheet.formula.ArrayFormula object at 0xe80bbb9fe8f0>,Thailand,<openpyxl.worksheet.formula.ArrayFormula object at 0xe80bbb9fd9c0>,SEA,2.1 Remote Sensing,Yes
<openpyxl.worksheet.formula.ArrayFormula object at 0xe80bbb9fd030>,Boonprong et al. (2024),Advancing Cassava Age Estimation in Precision Agriculture: Strategic Application of the BRAH Algorithm,Cassava age estimation,Satellite,,1,10.3390/agriculture14071075,<openpyxl.worksheet.formula.ArrayFormula object at 0xe80bbb9ff460>,Thailand,<openpyxl.worksheet.formula.ArrayFormula object at 0xe80bbb9fdae0>,SEA,2.1 Remote Sensing,Yes
<openpyxl.worksheet.formula.ArrayFormula object at 0xe80bbb9fe7a0>,Brasika et al. (2025),Uncertainties in carbon emissions from land use and land cover change in Indonesia,Carbon emissions from LULCC uncertainty,Satellite,,0,10.5194/bg-22-3547-2025,<openpyxl.worksheet.formula.ArrayFormula object at 0xe80bbb9fe800>,Indonesia,<openpyxl.worksheet.formula.ArrayFormula object at 0xe80bbb9fe860>,SEA,2.1 Remote Sensing,No
<openpyxl.worksheet.formula.ArrayFormula object at 0xe80bbb9ffb20>,Brown et al. (2024),Remote Sensing for Restoration Change Monitoring in Tropical Peat Swamp Forests in Malaysia,Peat swamp forest restoration monitoring,"Satellite, LiDAR",,0,10.3390/rs16152690,<openpyxl.worksheet.formula.ArrayFormula object at 0xe80bbb9ffb80>,Malaysia,<openpyxl.worksheet.formula.ArrayFormula object at 0xe80bbb9fd390>,SEA,2.1 Remote Sensing,No
<openpyxl.worksheet.formula.ArrayFormula object at 0xe80bbb9feb00>,Brown et al. (2023),Detecting tropical peatland degradation: Combining remote sensing and organic geochemistry,Tropical peatland degradation detection,Satellite,,0,10.1371/journal.pone.0280187,<openpyxl.worksheet.formula.ArrayFormula object at 0xe80bbb9ffdc0>,Malaysia,<openpyxl.worksheet.formula.ArrayFormula object at 0xe80bbb9ffd60>,SEA,2.1 Remote Sensing,No
<openpyxl.worksheet.formula.ArrayFormula object at 0xe80bbb9fccd0>,Bui et al. (2025),Processing of Sentinel-1B imaginary to extract water surface salinity incursion using observed data and hybrid models of particle swarm optimization,Water surface salinity incursion,Satellite,,0,10.1007/s12145-024-01633-8,<openpyxl.worksheet.formula.ArrayFormula object at 0xe80bbb9fcd30>,Vietnam,<openpyxl.worksheet.formula.ArrayFormula object at 0xe80bbb9fcd90>,SEA,2.1 Remote Sensing,No
<openpyxl.worksheet.formula.ArrayFormula object at 0xe80bbc6a07c0>,Cabangbang-Jaranilla et al. (2025),"Applying geomatic analyses using landsat imagery: implications for ecosystem management in Occidental Mindoro, the Philippines",Coffee cultivation suitability under climate change,Satellite,,1,10.1007/s10113-025-02398-6,<openpyxl.worksheet.formula.ArrayFormula object at 0xe80bbc6a1b10>,Philippines,<openpyxl.worksheet.formula.ArrayFormula object at 0xe80bbc6a3f40>,SEA,2.1 Remote Sensing,No
<openpyxl.worksheet.formula.ArrayFormula object at 0xe80bbc6a0250>,Cervantes-Santos et al. (2025),Huanglongbing as a Persistent Threat to Citriculture in Latin America,Citrus disease (HLB) threat assessment,NA (Review),,,10.3390/biology14040335,<openpyxl.worksheet.formula.ArrayFormula object at 0xe80bbc6a2f20>,Latin America,<openpyxl.worksheet.formula.ArrayFormula object at 0xe80bbc6a3040>,Non-SEA → review for removal,Intro/Background,No
<openpyxl.worksheet.formula.ArrayFormula object at 0xe80bbc6a1ed0>,Cha et al. (2024),Unveiling the Past: Deep-Learning-Based Estimation of Historical Peatland Distribution,Historical peatland distribution estimation,Satellite,,0,10.3390/land13030328,<openpyxl.worksheet.formula.ArrayFormula object at 0xe80bbc6a3850>,Indonesia,<openpyxl.worksheet.formula.ArrayFormula object at 0xe80bbc6a3d30>,SEA,2.1 Remote Sensing,Yes
<openpyxl.worksheet.formula.ArrayFormula object at 0xe80bbc6a1c90>,Chaari (2024),A Growing Integration of Weaponized Commercial Drones in Battlefield Operations,Weaponized commercial drone use in battlefields,Drone,,0,10.1109/TechDefense63521.2024.10863087,<openpyxl.worksheet.formula.ArrayFormula object at 0xe80bbc6a1c30>,Global (Conflict Zones),<openpyxl.worksheet.formula.ArrayFormula object at 0xe80bbc6a02e0>,Background (keep),2.1 Remote Sensing,No
<openpyxl.worksheet.formula.ArrayFormula object at 0xe80bbc6a0df0>,Chaiyana et al. (2024),Mapping and predicting cassava mosaic disease outbreaks using earth observation and meteorological data-driven approaches,Cassava mosaic disease outbreak mapping,Satellite,,1,10.1016/j.rsase.2024.101231,<openpyxl.worksheet.formula.ArrayFormula object at 0xe80bbc6a0e50>,Thailand,<openpyxl.worksheet.formula.ArrayFormula object at 0xe80bbc6a1840>,SEA,2.1 Remote Sensing,Yes
<openpyxl.worksheet.formula.ArrayFormula object at 0xe80bbab6c340>,Chaiyana et al. (2024),"Leveraging Remotely Sensed and Climatic Data for Improved Crop Yield Prediction in the Chi Basin, Thailand",Crop yield prediction,Satellite,,1,10.3390/su16062260,<openpyxl.worksheet.formula.ArrayFormula object at 0xe80bbab6c3a0>,Thailand,<openpyxl.worksheet.formula.ArrayFormula object at 0xe80bbab6c400>,SEA,2.1 Remote Sensing,Yes
<openpyxl.worksheet.formula.ArrayFormula object at 0xe80bbab6ca00>,Chan et al. (2024),"Assessing the Impacts of Dam Construction on the Livelihoods of Swidden Farmers in Pinlaung, Southern Shan State, Myanmar",Dam construction impact on livelihoods,Satellite,,0,10.1007/s10745-024-00485-6,<openpyxl.worksheet.formula.ArrayFormula object at 0xe80bbab6ca60>,Myanmar,<openpyxl.worksheet.formula.ArrayFormula object at 0xe80bbab6cac0>,SEA,2.1 Remote Sensing,Yes
<openpyxl.worksheet.formula.ArrayFormula object at 0xe80bbab6d090>,Chea et al. (2024),A Survey of Changes in Grasslands within the Tonle Sap Lake Landscape from 2004 to 2023,Grassland change monitoring,Satellite,,0,10.3390/d16080448,<openpyxl.worksheet.formula.ArrayFormula object at 0xe80bbab6d0f0>,Cambodia,<openpyxl.worksheet.formula.ArrayFormula object at 0xe80bbab6d150>,SEA,2.1 Remote Sensing,No
<openpyxl.worksheet.formula.ArrayFormula object at 0xe80bbab6d720>,Cheewinsiriwat et al. (2024),Assessing Coastal Vulnerability to Climate Change: A Case Study of Nakhon Si Thammarat and Krabi,Coastal vulnerability to climate change,NA (GIS),,0,10.3390/socsci13030142,<openpyxl.worksheet.formula.ArrayFormula object at 0xe80bbab6d780>,Thailand,<openpyxl.worksheet.formula.ArrayFormula object at 0xe80bbab6d7e0>,SEA,General,No
<openpyxl.worksheet.formula.ArrayFormula object at 0xe80bbab6ddb0>,Chen et al. (2025),A modified spectral remote sensing index to map plastic greenhouses in fragmented terrains,Plastic greenhouse mapping,Satellite,,0,10.1016/j.atech.2025.100904,<openpyxl.worksheet.formula.ArrayFormula object at 0xe80bbab6de10>,"China, Vietnam",<openpyxl.worksheet.formula.ArrayFormula object at 0xe80bbab6de70>,SEA,2.1 Remote Sensing; 3.2 Controlled Env,Yes
<openpyxl.worksheet.formula.ArrayFormula object at 0xe80bbab6e440>,Chen et al. (2025),A full time series imagery and full cycle monitoring (FTSI-FCM) algorithm for tracking rubber plantation dynamics in the Vietnam from 1986 to 2022,Rubber plantation dynamics tracking,Satellite,,1,10.1016/j.isprsjprs.2024.12.018,<openpyxl.worksheet.formula.ArrayFormula object at 0xe80bbab6e4a0>,Vietnam,<openpyxl.worksheet.formula.ArrayFormula object at 0xe80bbab6e500>,SEA,2.1 Remote Sensing,Yes
<openpyxl.worksheet.formula.ArrayFormula object at 0xe80bbab6ead0>,Chen et al. (2023),Diversified land conversion deepens understanding of impacts of rapid rubber plantation expansion on plant diversity in the tropics,Rubber plantation impact on plant diversity,Satellite,,1,10.1016/j.scitotenv.2023.162505,<openpyxl.worksheet.formula.ArrayFormula object at 0xe80bbab6eb30>,GMS (Mekong Subregion),<openpyxl.worksheet.formula.ArrayFormula object at 0xe80bbab6eb90>,SEA,2.1 Remote Sensing,Yes
<openpyxl.worksheet.formula.ArrayFormula object at 0xe80bbab6f160>,Chen et al. (2024),Review of drivers of forest degradation and deforestation in Southeast Asia,Forest degradation & deforestation drivers review,NA (Literature Review),,0,10.1016/j.rsase.2023.101129,<openpyxl.worksheet.formula.ArrayFormula object at 0xe80bbab6f1c0>,Southeast Asia,<openpyxl.worksheet.formula.ArrayFormula object at 0xe80bbab6f220>,SEA,Intro/Background,Yes
<openpyxl.worksheet.formula.ArrayFormula object at 0xe80bbab6f7f0>,Chen et al. (2023),Identification of Rubber Plantations in Southwestern China Based on Multi-Source Remote Sensing Data and Phenology Windows,Rubber plantation identification,Satellite,,1,10.3390/rs15051228,<openpyxl.worksheet.formula.ArrayFormula object at 0xe80bbab6f850>,China,<openpyxl.worksheet.formula.ArrayFormula object at 0xe80bbab6f8b0>,Non-SEA → review for removal,2.1 Remote Sensing,Yes
<openpyxl.worksheet.formula.ArrayFormula object at 0xe80bbab6fe80>,Chen et al. (2023),Anthropogenic activities dominated tropical forest carbon balance in two contrary ways over the Greater Mekong Subregion in the 21st century,Forest carbon balance assessment,Satellite,,0,10.1111/gcb.16688,<openpyxl.worksheet.formula.ArrayFormula object at 0xe80bbab6fee0>,GMS (Mekong Subregion),<openpyxl.worksheet.formula.ArrayFormula object at 0xe80bbab6ff40>,SEA,2.1 Remote Sensing,Yes
<openpyxl.worksheet.formula.ArrayFormula object at 0xe80bbab8c550>,Cheng et al. (2025),Heatmaps to Guide Siting of Solar and Wind Farms,Solar & wind farm siting,NA (GIS),,0,10.3390/en18040891,<openpyxl.worksheet.formula.ArrayFormula object at 0xe80bbab8c5b0>,"Australia, South Korea, Indonesia",<openpyxl.worksheet.formula.ArrayFormula object at 0xe80bbab8c610>,SEA,2.3 Robotics,Yes
<openpyxl.worksheet.formula.ArrayFormula object at 0xe80bbab8cbe0>,Chiarawipa et al. (2024),Investigating Drivers Impacting Carbon Stock and Carbon Offset in a Large-Scale Rubber Plantation in the Middle South of Thailand,Carbon stock & offset in rubber plantation,Satellite,,1,10.21315/tlsr2024.35.1.8,<openpyxl.worksheet.formula.ArrayFormula object at 0xe80bbab8cc40>,Thailand,<openpyxl.worksheet.formula.ArrayFormula object at 0xe80bbab8cca0>,SEA,2.1 Remote Sensing,Yes
<openpyxl.worksheet.formula.ArrayFormula object at 0xe80bbab8d270>,Chu et al. (2023),"The Study of Extraction Soil Salinity Information from High Resolution Multispectral Remote Sensing Data, Pilot Area in DongNai Province, Vietnam",Soil salinity information extraction,Satellite,,0,10.1007/978-3-031-17808-5_31,<openpyxl.worksheet.formula.ArrayFormula object at 0xe80bbab8d2d0>,Vietnam,<openpyxl.worksheet.formula.ArrayFormula object at 0xe80bbab8d330>,SEA,2.1 Remote Sensing,Yes
<openpyxl.worksheet.formula.ArrayFormula object at 0xe80bbab8d900>,Clementi et al. (2024),GIS-Based Digital Twin Model for Solar Radiation Mapping to Support Sustainable Urban Agriculture Design,Solar radiation mapping for urban agriculture,NA (GIS),,1,10.3390/su16156590,<openpyxl.worksheet.formula.ArrayFormula object at 0xe80bbab8d960>,"Italy, Singapore",<openpyxl.worksheet.formula.ArrayFormula object at 0xe80bbab8d9c0>,SEA,General,Yes
<openpyxl.worksheet.formula.ArrayFormula object at 0xe80bbab8df90>,Çömert et al. (2025),An open event-inventory database of rainfall-induced landslides and their environmental characteristics in the eastern Black Sea region of Türkiye,Landslide inventory database creation,"Satellite, Drone",,0,10.1016/j.enggeo.2025.108258,<openpyxl.worksheet.formula.ArrayFormula object at 0xe80bbab8dff0>,Turkey,<openpyxl.worksheet.formula.ArrayFormula object at 0xe80bbab8e050>,Non-SEA → review for removal,2.1 Remote Sensing,No
<openpyxl.worksheet.formula.ArrayFormula object at 0xe80bbab8e620>,Cocharda et al. (2023),"The nature of a 'forest transition' in Thua Thien Hue Province, Central Vietnam - A study of land cover changes over five decades",Forest transition & land cover change analysis,Satellite,,0,10.1016/j.landusepol.2023.106887,<openpyxl.worksheet.formula.ArrayFormula object at 0xe80bbab8e680>,Vietnam,<openpyxl.worksheet.formula.ArrayFormula object at 0xe80bbab8e6e0>,SEA,2.1 Remote Sensing,No
<openpyxl.worksheet.formula.ArrayFormula object at 0xe80bbab8ecb0>,Contessa et al. (2023),Uncovering Dynamics of Global Mangrove Gains and Losses,Mangrove gains & losses dynamics,Satellite,,0,10.3390/rs15153872,<openpyxl.worksheet.formula.ArrayFormula object at 0xe80bbab8ed10>,Global,<openpyxl.worksheet.formula.ArrayFormula object at 0xe80bbab8ed70>,Background (keep),2.1 Remote Sensing,No
<openpyxl.worksheet.formula.ArrayFormula object at 0xe80bbab8f340>,Cui et al. (2023),First assessment of optical and microwave remotely sensed vegetation proxies in monitoring aboveground carbon in tropical Asia,Aboveground carbon monitoring,Satellite,,0,10.1016/j.rse.2023.113619,<openpyxl.worksheet.formula.ArrayFormula object at 0xe80bbab8f3a0>,Tropical Asia,<openpyxl.worksheet.formula.ArrayFormula object at 0xe80bbab8f400>,Borderline-SEA → reclassify as SEA,2.1 Remote Sensing,No
<openpyxl.worksheet.formula.ArrayFormula object at 0xe80bbab8f9d0>,Dahir et al. (2025),REMOTE-SENSING DATA-DRIVEN CLASSIFICATION OF DEFORESTATION BASED ON DEEP LEARNING IN SARAWAK,Deforestation driver classification,Satellite,,0,N/A,<openpyxl.worksheet.formula.ArrayFormula object at 0xe80bbab8fa30>,Malaysia,<openpyxl.worksheet.formula.ArrayFormula object at 0xe80bbab8fa90>,SEA,"2.1 Remote Sensing, 2.4 AI Models",No
<openpyxl.worksheet.formula.ArrayFormula object at 0xe80bbaba40a0>,Dalimunthe et al. (2025),"Subsiding Cities: A Case Study of Governance and Environmental Drivers in Semarang, Indonesia",Land subsidence and flood risk governance,Satellite (InSAR),,0,10.3390/urbansci9070266,<openpyxl.worksheet.formula.ArrayFormula object at 0xe80bbaba4100>,Indonesia,<openpyxl.worksheet.formula.ArrayFormula object at 0xe80bbaba4160>,SEA,2.1 Remote Sensing,Yes
<openpyxl.worksheet.formula.ArrayFormula object at 0xe80bbaba4730>,Daranagama & Takeuchi (2025),Smartphone application for detecting and visualizing basal stem rot disease stages in oil palm,Oil palm disease detection & visualization,"NA (Smartphone App, Web GIS)",,1,10.3389/frsen.2025.1553844,<openpyxl.worksheet.formula.ArrayFormula object at 0xe80bbaba4790>,Southeast Asia,<openpyxl.worksheet.formula.ArrayFormula object at 0xe80bbaba47f0>,SEA,General,Yes
<openpyxl.worksheet.formula.ArrayFormula object at 0xe80bbaba4dc0>,Datta-Roy et al. (2025),"The Future of Swidden in the Asian Highlands: Insights from a Village in Upper Siang, Arunachal Pradesh, India",Swidden agriculture land use change,Satellite,,1,10.1007/s10745-025-00600-1,<openpyxl.worksheet.formula.ArrayFormula object at 0xe80bbaba4e20>,India,<openpyxl.worksheet.formula.ArrayFormula object at 0xe80bbaba4e80>,Non-SEA → review for removal,2.1 Remote Sensing,No
<openpyxl.worksheet.formula.ArrayFormula object at 0xe80bbaba5450>,Dede et al. (2025),"Spatial distribution and environmental factors analysis of foot-and-mouth disease (FMD) in West Java, Indonesia",Foot-and-mouth disease spatial distribution,Satellite,,0,10.1080/23311932.2024.2440549,<openpyxl.worksheet.formula.ArrayFormula object at 0xe80bbaba54b0>,Indonesia,<openpyxl.worksheet.formula.ArrayFormula object at 0xe80bbaba5510>,SEA,2.1 Remote Sensing,No
<openpyxl.worksheet.formula.ArrayFormula object at 0xe80bbaba5ae0>,Diep et al. (2025),Benefits and Trade-Offs from Land Use and Land Cover Changes Under Different Scenarios in the Coastal Delta of Vietnam,LULC changes and trade-offs,Satellite,,0,10.3390/land14051063,<openpyxl.worksheet.formula.ArrayFormula object at 0xe80bbaba5b40>,Vietnam,<openpyxl.worksheet.formula.ArrayFormula object at 0xe80bbaba5ba0>,SEA,2.1 Remote Sensing,No
<openpyxl.worksheet.formula.ArrayFormula object at 0xe80bbaba6170>,Dinh et al. (2023),"Free satellite image data application for monitoring land use cover changes in the kon ha nung plateau, vietnam",Land use/cover change monitoring,Satellite,,0,10.1016/j.heliyon.2023.e12864,<openpyxl.worksheet.formula.ArrayFormula object at 0xe80bbaba61d0>,Vietnam,<openpyxl.worksheet.formula.ArrayFormula object at 0xe80bbaba6230>,SEA,2.1 Remote Sensing,No
<openpyxl.worksheet.formula.ArrayFormula object at 0xe80bbaba6800>,Diwa et al. (2024),Onion Mapping Using PRISMA Hyperspectral Image: Comparative Analysis of K-Means Classification and Linear Spectral Unmixing,Onion mapping with hyperspectral imagery,Satellite,,1,10.1117/12.3041512,<openpyxl.worksheet.formula.ArrayFormula object at 0xe80bbaba6860>,Philippines,<openpyxl.worksheet.formula.ArrayFormula object at 0xe80bbaba68c0>,SEA,2.1 Remote Sensing,No
<openpyxl.worksheet.formula.ArrayFormula object at 0xe80bbaba6e90>,Do (2024),"Utilizing a fusion of remote sensing data and machine learning models to forecast flood risks to agriculture in Hanoi City, Vietnam",Flood risk forecasting for agriculture,Satellite,,1,10.1007/s12076-024-00382-y,<openpyxl.worksheet.formula.ArrayFormula object at 0xe80bbaba6ef0>,Vietnam,<openpyxl.worksheet.formula.ArrayFormula object at 0xe80bbaba6f50>,SEA,"2.1 Remote Sensing, 2.4 AI Models",Yes
<openpyxl.worksheet.formula.ArrayFormula object at 0xe80bbaba7520>,Do & Do (2025),"The Vulnerability of Industrial Crops in Dak Nong Province, Vietnam: The Impact of Urbanization Using Sentinel-2 Satellite Imagery",Industrial crop vulnerability to urbanization,Satellite,,1,10.1007/s41742-025-00792-w,<openpyxl.worksheet.formula.ArrayFormula object at 0xe80bbaba7580>,Vietnam,<openpyxl.worksheet.formula.ArrayFormula object at 0xe80bbaba75e0>,SEA,2.1 Remote Sensing,Yes
<openpyxl.worksheet.formula.ArrayFormula object at 0xe80bbaba7bb0>,Do & Do (2025),Effects of flooding on rice biomass in Hanoi city on the basis of deep learning application and Sentinel-1A data,Flood effects on rice biomass estimation,Satellite,,1,10.1007/s12518-025-00631-9,<openpyxl.worksheet.formula.ArrayFormula object at 0xe80bbaba7c10>,Vietnam,<openpyxl.worksheet.formula.ArrayFormula object at 0xe80bbaba7c70>,SEA,"2.1 Remote Sensing; 3.1 HTP/Phenotyping, 2.4 AI Models",Yes
<openpyxl.worksheet.formula.ArrayFormula object at 0xe80bbabc0280>,Do (2025),"Employing GIS and Remote Sensing to Assess the Effects of Landscape Fragmentation and Urban Growth on Terrain Surface Changes and Disaster Risk Reduction in the Southern Region of the Huong River in Hue, Vietnam",Landscape fragmentation & urban growth effects,NA (GIS & Remote Sensing),,0,10.1007/s12524-025-02282-0,<openpyxl.worksheet.formula.ArrayFormula object at 0xe80bbabc02e0>,Vietnam,<openpyxl.worksheet.formula.ArrayFormula object at 0xe80bbabc0340>,SEA,2.1 Remote Sensing,Yes
<openpyxl.worksheet.formula.ArrayFormula object at 0xe80bbabc0910>,Dröge et al. (2025),"Does cocoa certification influence vegetation cover and tree cover loss? A case study from Sulawesi, Indonesia",Cocoa certification impact on vegetation cover,Satellite,,1,10.1080/21683565.2025.2524734,<openpyxl.worksheet.formula.ArrayFormula object at 0xe80bbabc0970>,Indonesia,<openpyxl.worksheet.formula.ArrayFormula object at 0xe80bbabc09d0>,SEA,2.1 Remote Sensing,No
<openpyxl.worksheet.formula.ArrayFormula object at 0xe80bbabc0fa0>,Dumdumaya & Cabrera (2023),"Determination of future land use changes using remote sensing imagery and artificial neural network algorithm: A case study of Davao City, Philippines",Future land use change prediction,Satellite,,0,10.1016/j.aiig.2023.08.002,<openpyxl.worksheet.formula.ArrayFormula object at 0xe80bbabc1000>,Philippines,<openpyxl.worksheet.formula.ArrayFormula object at 0xe80bbabc1060>,SEA,"2.1 Remote Sensing, 2.4 AI Models",No
<openpyxl.worksheet.formula.ArrayFormula object at 0xe80bbabc1630>,Dwiputra et al. (2023),GEDI waveform metrics in vegetation mapping-a case study from a heterogeneous tropical forest landscape,Vegetation mapping,Satellite (GEDI LiDAR),,0,10.1088/1748-9326/acad8d,<openpyxl.worksheet.formula.ArrayFormula object at 0xe80bbabc1690>,Cambodia,<openpyxl.worksheet.formula.ArrayFormula object at 0xe80bbabc16f0>,SEA,2.1 Remote Sensing,No
<openpyxl.worksheet.formula.ArrayFormula object at 0xe80bbabc1cc0>,Ebright et al. (2023),Protected Areas Conserved Forests from Fire and Deforestation in Vietnam's Central Highlands from 2001 to 2020,Forest conservation and fire impact,Satellite,,0,10.3390/fire6040164,<openpyxl.worksheet.formula.ArrayFormula object at 0xe80bbabc1d20>,Vietnam,<openpyxl.worksheet.formula.ArrayFormula object at 0xe80bbabc1d80>,SEA,2.1 Remote Sensing,No
<openpyxl.worksheet.formula.ArrayFormula object at 0xe80bbabc2350>,Edirisinghe et al. (2023),Long-Term Rainfall Variability and Trends for Climate Risk Management in the Summer Monsoon Region of Southeast Asia,Rainfall variability & trends analysis,Satellite,,0,10.1155/2023/2693008,<openpyxl.worksheet.formula.ArrayFormula object at 0xe80bbabc23b0>,Southeast Asia,<openpyxl.worksheet.formula.ArrayFormula object at 0xe80bbabc2410>,SEA,2.1 Remote Sensing,No
<openpyxl.worksheet.formula.ArrayFormula object at 0xe80bbabc29e0>,Eini et al. (2023),Satellite-based soil moisture enhances the reliability of agro-hydrological modeling in large transboundary river basins,Agro-hydrological modeling,Satellite,,1,10.1016/j.scitotenv.2023.162396,<openpyxl.worksheet.formula.ArrayFormula object at 0xe80bbabc2a40>,Europe (Odra Basin),<openpyxl.worksheet.formula.ArrayFormula object at 0xe80bbabc2aa0>,Non-SEA → review for removal,2.1 Remote Sensing,No
<openpyxl.worksheet.formula.ArrayFormula object at 0xe80bbabc3070>,Ekaputri et al. (2024),"Modeling vegetation density with remote sensing, normalized difference vegetation index and biodiversity plants in watershed area",Vegetation density & plant diversity modeling,Satellite,,0,10.22034/gjesm.2024.04.19,<openpyxl.worksheet.formula.ArrayFormula object at 0xe80bbabc30d0>,Indonesia,<openpyxl.worksheet.formula.ArrayFormula object at 0xe80bbabc3130>,SEA,2.1 Remote Sensing,No
<openpyxl.worksheet.formula.ArrayFormula object at 0xe80bbabc3700>,Escasio et al. (2023),USING MACHINE LEARNING CLASSIFIERS AND REGRESSION MODELS FOR ESTIMATING THE STAND AGES OF FALCATA PLANTATIONS FROM SENTINEL DATA,Falcata plantation stand age estimation,Satellite,,0,10.5194/isprs-archives-XLVIII-4-W6-2022-465-2023,<openpyxl.worksheet.formula.ArrayFormula object at 0xe80bbabc3760>,Philippines,<openpyxl.worksheet.formula.ArrayFormula object at 0xe80bbabc37c0>,SEA,"2.1 Remote Sensing, 2.4 AI Models",No
<openpyxl.worksheet.formula.ArrayFormula object at 0xe80bbabc3d90>,Fan et al. (2025),A Rice-Mapping Method with Integrated Automatic Generation of Training Samples and Random Forest Classification Using Google Earth Engine,Rice mapping,Satellite,,1,10.3390/agronomy15040873,<openpyxl.worksheet.formula.ArrayFormula object at 0xe80bbabc3df0>,China,<openpyxl.worksheet.formula.ArrayFormula object at 0xe80bbabc3e50>,Non-SEA → review for removal,2.1 Remote Sensing,No
<openpyxl.worksheet.formula.ArrayFormula object at 0xe80bbabc8460>,Fang et al. (2024),"A comprehensive review of rice mapping from satellite data: Algorithms, product characteristics and consistency assessment",Rice mapping methods & products review,Satellite,,1,10.1016/j.srs.2024.100172,<openpyxl.worksheet.formula.ArrayFormula object at 0xe80bbabc84c0>,"China, Vietnam",<openpyxl.worksheet.formula.ArrayFormula object at 0xe80bbabc8520>,SEA,2.1 Remote Sensing; Intro/Background,No
<openpyxl.worksheet.formula.ArrayFormula object at 0xe80bbabc8af0>,Fatchurrachman et al. (2023),Automated near-real-time mapping and monitoring of rice growth extent and stages in Selangor Malaysia,Rice growth extent & stages monitoring,Satellite,,1,10.1016/j.rsase.2023.100993,<openpyxl.worksheet.formula.ArrayFormula object at 0xe80bbabc8b50>,Malaysia,<openpyxl.worksheet.formula.ArrayFormula object at 0xe80bbabc8bb0>,SEA,2.1 Remote Sensing,Yes
<openpyxl.worksheet.formula.ArrayFormula object at 0xe80bbabc9180>,Fatchurrachman et al. (2025),Rice Extent and Cropping Patterns in Terengganu Malaysia Based on Sentinel-2 Data on Google Earth Engine,Rice extent & cropping pattern mapping,Satellite,,1,10.47836/pjst.33.1.21,<openpyxl.worksheet.formula.ArrayFormula object at 0xe80bbabc91e0>,Malaysia,<openpyxl.worksheet.formula.ArrayFormula object at 0xe80bbabc9240>,SEA,2.1 Remote Sensing,Yes
<openpyxl.worksheet.formula.ArrayFormula object at 0xe80bbabc9810>,Fauzi et al. (2024),Modelling Potential Vegetation Index for Paddy Field Mapping in Malaysia Using Satellite Imagery,Paddy field mapping,Satellite,,1,10.1109/ICOM61675.2024.10652454,<openpyxl.worksheet.formula.ArrayFormula object at 0xe80bbabc9870>,Malaysia,<openpyxl.worksheet.formula.ArrayFormula object at 0xe80bbabc98d0>,SEA,2.1 Remote Sensing,No
<openpyxl.worksheet.formula.ArrayFormula object at 0xe80bbabc9ea0>,Faxon (2023),"Small farmers, big tech: agrarian commerce and knowledge on Myanmar Facebook",Agrarian commerce on Facebook,NA (Social Media Analysis),,0,10.1007/s10460-023-10446-2,<openpyxl.worksheet.formula.ArrayFormula object at 0xe80bbabc9f00>,Myanmar,<openpyxl.worksheet.formula.ArrayFormula object at 0xe80bbabc9f60>,SEA,General,No
<openpyxl.worksheet.formula.ArrayFormula object at 0xe80bbabca530>,Febriandi et al. (2025),"PREDICTING OF LAND COVER CHANGES UNTIL 2030 AND ASSESSING SUSTAINABILITY STATUS IN THE MANDEH REGION, INDONESIA",LULC changes and tourism sustainability,Satellite,,0,10.21163/GT_2025.201.18,<openpyxl.worksheet.formula.ArrayFormula object at 0xe80bbabca590>,Indonesia,<openpyxl.worksheet.formula.ArrayFormula object at 0xe80bbabca5f0>,SEA,2.1 Remote Sensing,No
<openpyxl.worksheet.formula.ArrayFormula object at 0xe80bbabcabc0>,"Fikri, M et al. (2023)",SELECTED AGRONOMIC TRAITS AND DRONE APPLICATION IN CORN YIELD PREDICTION,Corn yield prediction,Drone,ms,1,10.54910/sabrao2023.55.2.22,<openpyxl.worksheet.formula.ArrayFormula object at 0xe80bbabcac20>,Indonesia,<openpyxl.worksheet.formula.ArrayFormula object at 0xe80bbabcac80>,SEA,2.1 Remote Sensing,Yes
<openpyxl.worksheet.formula.ArrayFormula object at 0xe80bbabcb250>,Fikriyah et al. (2023),"INTEGRATED USE OF OPTICAL AND RADAR DATA FOR CROPLAND MAPPING OVER THE MOUNTAIN SLOPE AREA IN BOYOLALI, INDONESIA",Cropland mapping,Satellite,,1,10.21163/GT_2023.181.08,<openpyxl.worksheet.formula.ArrayFormula object at 0xe80bbabcb2b0>,Indonesia,<openpyxl.worksheet.formula.ArrayFormula object at 0xe80bbabcb310>,SEA,2.1 Remote Sensing,Yes
<openpyxl.worksheet.formula.ArrayFormula object at 0xe80bbabcb8e0>,Fikriyah et al. (2025),Temporal backscatter characterisation of ratoon rice crops based on Sentinel-1 intensity data,Ratoon rice crop backscatter characterization,Satellite,,1,10.1080/15481603.2025.2455081,<openpyxl.worksheet.formula.ArrayFormula object at 0xe80bbabcb940>,Philippines,<openpyxl.worksheet.formula.ArrayFormula object at 0xe80bbabcb9a0>,SEA,2.1 Remote Sensing,Yes
<openpyxl.worksheet.formula.ArrayFormula object at 0xe80bbabcbf70>,Fu et al. (2024),Satellite microwave measurements complementary to fire weather improve the assessment of fires among different biomes in Southeast Asia,Fire assessment using microwave data,Satellite,,0,10.1016/j.envint.2024.108439,<openpyxl.worksheet.formula.ArrayFormula object at 0xe80bbabcbfd0>,Southeast Asia,<openpyxl.worksheet.formula.ArrayFormula object at 0xe80bbabe4070>,SEA,2.1 Remote Sensing,No
<openpyxl.worksheet.formula.ArrayFormula object at 0xe80bbabe4640>,Fumia et al. (2023),Leveraging genomics and phenomics to accelerate improvement in mungbean: A case study in how to go from GWAS to selection,Mungbean improvement and selection,"Sensors, Genomics",,1,10.1002/ppj2.20088,<openpyxl.worksheet.formula.ArrayFormula object at 0xe80bbabe46a0>,Multi-country,<openpyxl.worksheet.formula.ArrayFormula object at 0xe80bbabe4700>,Background (keep),2.2 IoT,No
<openpyxl.worksheet.formula.ArrayFormula object at 0xe80bbabe4cd0>,Furusawa et al. (2023),Time-series analysis of satellite imagery for detecting vegetation cover changes in Indonesia,Vegetation cover change detection,Satellite,,0,10.1038/s41598-023-35330-1,<openpyxl.worksheet.formula.ArrayFormula object at 0xe80bbabe4d30>,Indonesia,<openpyxl.worksheet.formula.ArrayFormula object at 0xe80bbabe4d90>,SEA,2.1 Remote Sensing,No
<openpyxl.worksheet.formula.ArrayFormula object at 0xe80bbabe5360>,Gacu et al. (2024),"A Comprehensive Resource Assessment for Wind Power Generation on the Rural Island of Sibuyan, Philippines",Wind power generation resource assessment,NA (GIS),,0,10.3390/en17092055,<openpyxl.worksheet.formula.ArrayFormula object at 0xe80bbabe53c0>,Philippines,<openpyxl.worksheet.formula.ArrayFormula object at 0xe80bbabe5420>,SEA,General,No
<openpyxl.worksheet.formula.ArrayFormula object at 0xe80bbabe59f0>,Gacu et al. (2025),"Challenges and approaches in sediment management in the Philippines: a review of current research, practices, and proposed countermeasures",Sediment management review,NA (Review),,,10.1007/s11069-025-07627-z,<openpyxl.worksheet.formula.ArrayFormula object at 0xe80bbabe5a50>,Philippines,<openpyxl.worksheet.formula.ArrayFormula object at 0xe80bbabe5ab0>,SEA,Intro/Background,No
<openpyxl.worksheet.formula.ArrayFormula object at 0xe80bbabe6080>,Gagula et al. (2024),"Combining Land Suitability Models in Determining the Optimal Locations for Establishing Abaca Plantations (Musa testilis) in Caraga Region, Philippines",Abaca plantation suitability modeling,NA (GIS),,0,10.1117/12.3009675,<openpyxl.worksheet.formula.ArrayFormula object at 0xe80bbabe60e0>,Philippines,<openpyxl.worksheet.formula.ArrayFormula object at 0xe80bbabe6140>,SEA,General,No
<openpyxl.worksheet.formula.ArrayFormula object at 0xe80bbabe6710>,Galvez et al. (2024),"Modeling the influence of land cover dynamics on spatio-temporal variations in land surface temperature in Cagayan de Oro River basin, Mindanao, Philippines",Land cover impact on land surface temperature,Satellite,,0,10.1007/s40808-023-01834-y,<openpyxl.worksheet.formula.ArrayFormula object at 0xe80bbabe6770>,Philippines,<openpyxl.worksheet.formula.ArrayFormula object at 0xe80bbabe67d0>,SEA,2.1 Remote Sensing,No
<openpyxl.worksheet.formula.ArrayFormula object at 0xe80bbabe6da0>,Gatdula & Blanco (2024),"Assessment of the vulnerability of coastal agriculture to seawater intrusion using remote sensing, GIS, and Multi-Criteria Decision Analysis",Coastal agriculture vulnerability to seawater intrusion,"Satellite, LiDAR",,1,10.1080/17538947.2024.2367733,<openpyxl.worksheet.formula.ArrayFormula object at 0xe80bbabe6e00>,Philippines,<openpyxl.worksheet.formula.ArrayFormula object at 0xe80bbabe6e60>,SEA,2.1 Remote Sensing,No
<openpyxl.worksheet.formula.ArrayFormula object at 0xe80bbabe7430>,Gohari et al. (2023),RECENT DRONE APPLICATIONS IN MALAYSIA: AN OVERVIEW,Drone applications review,NA (Review),,0,10.5194/isprs-archives-XLVIII-4-W6-2022-131-2023,<openpyxl.worksheet.formula.ArrayFormula object at 0xe80bbabe7490>,Malaysia,<openpyxl.worksheet.formula.ArrayFormula object at 0xe80bbabe74f0>,SEA,2.1 Remote Sensing; Intro/Background,No
<openpyxl.worksheet.formula.ArrayFormula object at 0xe80bbabe7ac0>,Golicz et al. (2024),"The older, the better: a comprehensive survey of soil organic carbon under commercial oil palm plantations",Soil organic carbon in oil palm plantations,NA (Soil Survey),,1,10.1007/s10661-024-13540-y,<openpyxl.worksheet.formula.ArrayFormula object at 0xe80bbabe7b20>,Malaysia,<openpyxl.worksheet.formula.ArrayFormula object at 0xe80bbabe7b80>,SEA,General,Yes
<openpyxl.worksheet.formula.ArrayFormula object at 0xe80bbac00190>,Gopal et al. (2023),PALM OIL - THE INCREASING MATERIALITY OF DEFORESTATION AND BIODIVIEVISITY RISKS IN INDONESIA AND MALAYSIA,Palm oil deforestation & biodiversity risk analysis,Satellite,,1,10.1109/IGARSS52108.2023.10282181,<openpyxl.worksheet.formula.ArrayFormula object at 0xe80bbac001f0>,"Indonesia, Malaysia",<openpyxl.worksheet.formula.ArrayFormula object at 0xe80bbac00250>,SEA,2.1 Remote Sensing,No
<openpyxl.worksheet.formula.ArrayFormula object at 0xe80bbac00820>,Ha et al. (2023),Agricultural drought conditions over mainland Southeast Asia: Spatiotemporal characteristics revealed from MODIS-based vegetation time-series,Agricultural drought condition analysis,Satellite,,1,10.1016/j.jag.2023.103378,<openpyxl.worksheet.formula.ArrayFormula object at 0xe80bbac00880>,Southeast Asia,<openpyxl.worksheet.formula.ArrayFormula object at 0xe80bbac00910>,SEA,2.1 Remote Sensing,Yes
<openpyxl.worksheet.formula.ArrayFormula object at 0xe80bbac00ee0>,Ha et al. (2024),Spatiotemporal analysis of tropical vegetation ecosystems and their responses to multifaceted droughts in Mainland Southeast Asia using satellite-based time series,Vegetation-drought response analysis,Satellite,,0,10.1080/15481603.2024.2387385,<openpyxl.worksheet.formula.ArrayFormula object at 0xe80bbac00f40>,Southeast Asia,<openpyxl.worksheet.formula.ArrayFormula object at 0xe80bbac00fa0>,SEA,2.1 Remote Sensing,Yes
<openpyxl.worksheet.formula.ArrayFormula object at 0xe80bbac01570>,Ha et al. (2025),Mapping Hydrological Ecosystem Services (HESS) in major Vietnamese river basins using remote sensing and hydrological modelling to promote nature-based solutions,Hydrological ecosystem services mapping,Satellite,,0,10.1016/j.ejrh.2025.102626,<openpyxl.worksheet.formula.ArrayFormula object at 0xe80bbac015d0>,Vietnam,<openpyxl.worksheet.formula.ArrayFormula object at 0xe80bbac01630>,SEA,2.1 Remote Sensing,Yes
<openpyxl.worksheet.formula.ArrayFormula object at 0xe80bbac01c00>,Hafiz et al. (2025),"Spatiotemporal Dynamics of Urban Sprawl Types in the Peri-Urban Area of Malang Municipality, Indonesia",Urban sprawl dynamics in peri-urban areas,NA (Geospatial analysis),,0,10.3390/urbansci9080313,<openpyxl.worksheet.formula.ArrayFormula object at 0xe80bbac01c60>,Indonesia,<openpyxl.worksheet.formula.ArrayFormula object at 0xe80bbac01cc0>,SEA,General,No
<openpyxl.worksheet.formula.ArrayFormula object at 0xe80bbac02290>,Hanami et al. (2025),"Spatial-Temporal Changes in Air Pollutants in Four Provinces of Sumatra Island, Indonesia: Insights from Sentinel-5P Satellite Imagery",Air pollutant monitoring,Satellite,,0,10.3390/urbansci9020042,<openpyxl.worksheet.formula.ArrayFormula object at 0xe80bbac022f0>,Indonesia,<openpyxl.worksheet.formula.ArrayFormula object at 0xe80bbac02350>,SEA,2.1 Remote Sensing,No
<openpyxl.worksheet.formula.ArrayFormula object at 0xe80bbac02920>,Hansana et al. (2023),Flood Analysis Using Multi-Scale Remote Sensing Observations in Laos,Flood analysis,Satellite,,0,10.3390/rs15123166,<openpyxl.worksheet.formula.ArrayFormula object at 0xe80bbac02980>,Laos,<openpyxl.worksheet.formula.ArrayFormula object at 0xe80bbac029e0>,SEA,2.1 Remote Sensing,No
<openpyxl.worksheet.formula.ArrayFormula object at 0xe80bbac02fb0>,Harini et al. (2025),Modeling the effects of land use change on agricultural carrying capacity and food security,LULC and Food Security,Satellite,,0,10.22034/gjesm.2025.02.10,<openpyxl.worksheet.formula.ArrayFormula object at 0xe80bbac03010>,Indonesia,<openpyxl.worksheet.formula.ArrayFormula object at 0xe80bbac03070>,SEA,2.1 Remote Sensing; Intro/Background,No
<openpyxl.worksheet.formula.ArrayFormula object at 0xe80bbac03640>,Hariyadi et al. (2025),Dynamics of carbon stock and normalized difference vegetation index as indicators of oil palm (Elaeis guineensis Jacq.) productivity in peat ecosystem with compound NPK fertilizer application,Carbon stock & NDVI for oil palm productivity,Drone,ms,1,10.12911/22998993/205107,<openpyxl.worksheet.formula.ArrayFormula object at 0xe80bbac036a0>,Indonesia,<openpyxl.worksheet.formula.ArrayFormula object at 0xe80bbac03700>,SEA,2.1 Remote Sensing,Yes
<openpyxl.worksheet.formula.ArrayFormula object at 0xe80bbac03cd0>,Harlis & Seo (2024),"Land suitability analysis for blue-green infrastructure implementation in an urban stormwater management system in surabaya, Indonesia",Blue-green infrastructure land suitability,NA (GIS),,0,10.2166/wst.2024.265,<openpyxl.worksheet.formula.ArrayFormula object at 0xe80bbac03d30>,Indonesia,<openpyxl.worksheet.formula.ArrayFormula object at 0xe80bbac03d90>,SEA,General,Yes
<openpyxl.worksheet.formula.ArrayFormula object at 0xe80bbac1c3a0>,Harrer et al. (2024),"Disappearing archosaurs - an assessment of established protected areas in the Philippines to save the critically endangered, endemic Philippine Crocodile (Crocodylus mindorensis)",Crocodile habitat suitability modeling,Satellite,,0,N/A,<openpyxl.worksheet.formula.ArrayFormula object at 0xe80bbac1c400>,Philippines,<openpyxl.worksheet.formula.ArrayFormula object at 0xe80bbac1c460>,SEA,2.1 Remote Sensing,No
<openpyxl.worksheet.formula.ArrayFormula object at 0xe80bbac1ca30>,Harvey et al. (2024),"Ocean sprawl: The global footprint of shellfish and algae aquaculture and its implications for production, environmental impact, and biosecurity",Shellfish & algae aquaculture footprint mapping,Satellite,,0,10.1016/j.aquaculture.2024.740747,<openpyxl.worksheet.formula.ArrayFormula object at 0xe80bbac1ca90>,"China, South Korea, Chile, Japan, Vietnam",<openpyxl.worksheet.formula.ArrayFormula object at 0xe80bbac1caf0>,SEA,2.1 Remote Sensing,No
<openpyxl.worksheet.formula.ArrayFormula object at 0xe80bbac1d0c0>,Hashim et al. (2023),"Analysis of Water Yield Changes in the Johor River Basin, Peninsular Malaysia Using Remote Sensing Satellite Imagery",Water yield change analysis,Satellite,,0,10.3390/rs15133432,<openpyxl.worksheet.formula.ArrayFormula object at 0xe80bbac1d120>,Malaysia,<openpyxl.worksheet.formula.ArrayFormula object at 0xe80bbac1d180>,SEA,2.1 Remote Sensing,No
<openpyxl.worksheet.formula.ArrayFormula object at 0xe80bbac1d750>,Hastuty & Ahmad (2024),Landslide Analysis Using Geographic Information System (GIS) in South Tapanuli Regency,Landslide analysis,NA (GIS),,0,10.1007/978-981-99-9219-5_28,<openpyxl.worksheet.formula.ArrayFormula object at 0xe80bbac1d7b0>,Indonesia,<openpyxl.worksheet.formula.ArrayFormula object at 0xe80bbac1d810>,SEA,General,Yes
<openpyxl.worksheet.formula.ArrayFormula object at 0xe80bbac1dde0>,Hazra et al. (2024),"Integration of GIS with RUSLE to estimate soil, organic matter and nutrient loss from a watershed of eastern Himalayan Terai","Soil, organic matter, and nutrient loss estimation","NA (GIS, RUSLE)",,0,10.1007/s12665-024-11971-x,<openpyxl.worksheet.formula.ArrayFormula object at 0xe80bbac1de40>,India,<openpyxl.worksheet.formula.ArrayFormula object at 0xe80bbac1dea0>,Non-SEA → review for removal,General,No
<openpyxl.worksheet.formula.ArrayFormula object at 0xe80bbac1e470>,Heng et al. (2025),Healthy and Unhealthy Oil Palm Tree Detection Using Deep Learning Method,Healthy & unhealthy oil palm tree detection,Drone,,0,N/A,<openpyxl.worksheet.formula.ArrayFormula object at 0xe80bbac1e4d0>,Malaysia,<openpyxl.worksheet.formula.ArrayFormula object at 0xe80bbac1e530>,SEA,"2.1 Remote Sensing, 2.4 AI Models",No
<openpyxl.worksheet.formula.ArrayFormula object at 0xe80bbac1eb00>,Herdiansyah et al. (2023),Palm oil cluster resilience to enhance indigenous welfare by innovative ability to address land conflicts: Evidence of disaster hierarchy,Palm oil cluster resilience & land conflicts,NA (GIS),,1,10.1515/opag-2022-0206,<openpyxl.worksheet.formula.ArrayFormula object at 0xe80bbac1eb60>,Indonesia,<openpyxl.worksheet.formula.ArrayFormula object at 0xe80bbac1ebc0>,SEA,General,No
<openpyxl.worksheet.formula.ArrayFormula object at 0xe80bbac1f190>,Hermantoro et al. (2023),DETECTING GANODERMA BASAL STEM ROT DISEASE ON OIL PALM USING ARTIFICIAL NEURAL NETWORK METHOD,Ganoderma disease detection on oil palm,Drone,,0,10.28919/cmbn/7911,<openpyxl.worksheet.formula.ArrayFormula object at 0xe80bbac1f1f0>,Indonesia,<openpyxl.worksheet.formula.ArrayFormula object at 0xe80bbac1f250>,SEA,"2.1 Remote Sensing, 2.4 AI Models",No
<openpyxl.worksheet.formula.ArrayFormula object at 0xe80bbac1f820>,Hoang et al. (2024),"Application of GIS and Multi-Criteria Analysis (MCA) in Land Evaluation at Ninh Phuoc District, Ninh Thuan Province, Vietnam",Land evaluation for agriculture,"NA (GIS, MCA)",,1,10.1088/1755-1315/1345/1/012021,<openpyxl.worksheet.formula.ArrayFormula object at 0xe80bbac1f880>,Vietnam,<openpyxl.worksheet.formula.ArrayFormula object at 0xe80bbac1f8e0>,SEA,General,No
<openpyxl.worksheet.formula.ArrayFormula object at 0xe80bbac1feb0>,Hongo et al. (2024),Efficient Damage Assessment of Rice Bacterial Leaf Blight Disease in Agricultural Insurance Using UAV Data,Rice disease damage assessment,Drone,ms,1,10.3390/agronomy14061328,<openpyxl.worksheet.formula.ArrayFormula object at 0xe80bbac1ff10>,Indonesia,<openpyxl.worksheet.formula.ArrayFormula object at 0xe80bbac1ff70>,SEA,2.1 Remote Sensing,Yes
<openpyxl.worksheet.formula.ArrayFormula object at 0xe80bbaa3c580>,Hosonuma et al. (2024),"Evaluation of Geographical and Annual Changes in Rice Planting Patterns Using Satellite Images in the Flood-Prone Area of the Pampanga River Basin, the Philippines",Rice planting pattern evaluation,Satellite,,1,10.3390/rs16030499,<openpyxl.worksheet.formula.ArrayFormula object at 0xe80bbaa3c5e0>,Philippines,<openpyxl.worksheet.formula.ArrayFormula object at 0xe80bbaa3c640>,SEA,2.1 Remote Sensing,No
<openpyxl.worksheet.formula.ArrayFormula object at 0xe80bbaa3cc10>,Htun et al. (2023),Rice yield prediction model using normalized vegetation and water indices from Sentinel-2A satellite imagery datasets,Rice yield prediction,Satellite,,1,10.1007/s41685-023-00299-2,<openpyxl.worksheet.formula.ArrayFormula object at 0xe80bbaa3cc70>,Myanmar,<openpyxl.worksheet.formula.ArrayFormula object at 0xe80bbaa3ccd0>,SEA,2.1 Remote Sensing,No
<openpyxl.worksheet.formula.ArrayFormula object at 0xe80bbaa3d2a0>,Huong & Rodríguez-Hernández (2023),"Mapping the Above-Ground Biomass of Rhizophora apiculata plantation Forests Using PlanetScope Imagery in Thanh Phu Nature Reserve, Vietnam",Mangrove above-ground biomass estimation,Satellite,,0,10.1134/S1062359023601957,<openpyxl.worksheet.formula.ArrayFormula object at 0xe80bbaa3d300>,Vietnam,<openpyxl.worksheet.formula.ArrayFormula object at 0xe80bbaa3d360>,SEA,2.1 Remote Sensing; 3.1 HTP/Phenotyping,Yes
<openpyxl.worksheet.formula.ArrayFormula object at 0xe80bbaa3d930>,Huynh et al. (2024),"Water quality assessment using national Water Quality Index (WQI): a case study of the Song Be River, Bing Duong Province, Vietnam",Water quality assessment,NA (GIS),,0,10.1088/2515-7620/ad810a,<openpyxl.worksheet.formula.ArrayFormula object at 0xe80bbaa3d990>,Vietnam,<openpyxl.worksheet.formula.ArrayFormula object at 0xe80bbaa3d9f0>,SEA,General,Yes
<openpyxl.worksheet.formula.ArrayFormula object at 0xe80bbaa3dfc0>,Iamampai et al. (2023),"DROUGHT HAZARD ASSESSMENT USING ANOMALY DROUGHT INDEX AND GEOGRAPHIC INFORMATION SYSTEM IN THE CHI RIVER BASIN, THAILAND",Drought hazard assessment,Satellite,,0,10.21163/GT_2023.181.04,<openpyxl.worksheet.formula.ArrayFormula object at 0xe80bbaa3e020>,Thailand,<openpyxl.worksheet.formula.ArrayFormula object at 0xe80bbaa3e080>,SEA,2.1 Remote Sensing,No
<openpyxl.worksheet.formula.ArrayFormula object at 0xe80bbaa3e650>,Imsamranrat & Leelasantitham (2024),"Assessing Groundwater Resources Vulnerability with the New DRASTIC-LP: A Case Study in Chiang Mai Province, Thailand",Groundwater vulnerability assessment,NA (GIS),,0,10.3390/w16040547,<openpyxl.worksheet.formula.ArrayFormula object at 0xe80bbaa3e6b0>,Thailand,<openpyxl.worksheet.formula.ArrayFormula object at 0xe80bbaa3e710>,SEA,General,Yes
<openpyxl.worksheet.formula.ArrayFormula object at 0xe80bbaa3ece0>,Indriasari et al. (2023),Temporal Variation of MODIS NDVI in the North Coast Java During El Nino and La Nina,El Nino/La Nina impact on paddy fields,Satellite,,1,10.1109/ICARES60489.2023.10329802,<openpyxl.worksheet.formula.ArrayFormula object at 0xe80bbaa3ed40>,Indonesia,<openpyxl.worksheet.formula.ArrayFormula object at 0xe80bbaa3eda0>,SEA,2.1 Remote Sensing,No
<openpyxl.worksheet.formula.ArrayFormula object at 0xe80bbaa3f370>,Innocentini et al. (2024),Analysis of Multispectral Indices as a Tool for Segmenting and Quantifying the Seaweed Kappaphycus alvarezii in a Commercial Cultivation System,Seaweed segmentation & quantification,Drone,ms,1,10.3390/biomass4030052,<openpyxl.worksheet.formula.ArrayFormula object at 0xe80bbaa3f3d0>,Brazil,<openpyxl.worksheet.formula.ArrayFormula object at 0xe80bbaa3f430>,Non-SEA → review for removal,2.1 Remote Sensing,No
<openpyxl.worksheet.formula.ArrayFormula object at 0xe80bbaa3fa00>,Insan et al. (2024),Performance Enhancement of 5G Cellular-Connected UAV in Palm Oil Plantation using Antenna Beamforming,5G cellular-connected UAV performance,Drone,others,1,10.1109/ISCAIE61308.2024.10576526,<openpyxl.worksheet.formula.ArrayFormula object at 0xe80bbaa3fa60>,Malaysia,<openpyxl.worksheet.formula.ArrayFormula object at 0xe80bbaa3fac0>,SEA,2.1 Remote Sensing,No
<openpyxl.worksheet.formula.ArrayFormula object at 0xe80bbaa580d0>,Intarat et al. (2025),"INTEGRATING SPECTRAL AND TEXTURE INDICES WITH MACHINE LEARNING FOR RICE LEAF AREA INDEX (LAI) ESTIMATION IN SUPHAN BURI, THAILAND",Rice leaf area index (LAI) estimation,Drone,ms,1,10.21163/GT_2025.201.15,<openpyxl.worksheet.formula.ArrayFormula object at 0xe80bbaa58130>,Thailand,<openpyxl.worksheet.formula.ArrayFormula object at 0xe80bbaa58190>,SEA,"2.1 Remote Sensing; 3.1 HTP/Phenotyping, 2.4 AI Models",Yes
<openpyxl.worksheet.formula.ArrayFormula object at 0xe80bbaa58760>,Irawan & Komori (2024),Beyond Fixed Dates and Coarse Resolution: Developing a Dynamic Dry Season Crop Calendar for Paddy in Indonesia from 2001 to 2021,Dry season crop calendar for paddy,Satellite,,1,10.3390/agronomy14030564,<openpyxl.worksheet.formula.ArrayFormula object at 0xe80bbaa587c0>,Indonesia,<openpyxl.worksheet.formula.ArrayFormula object at 0xe80bbaa58820>,SEA,2.1 Remote Sensing,No
<openpyxl.worksheet.formula.ArrayFormula object at 0xe80bbaa58df0>,Irsyad et al. (2023),Impacts of the dry season on rice production using Landsat 8 in West Sumatra,Dry season impact on rice production,Satellite,,1,10.1007/s10333-022-00922-6,<openpyxl.worksheet.formula.ArrayFormula object at 0xe80bbaa58e50>,Indonesia,<openpyxl.worksheet.formula.ArrayFormula object at 0xe80bbaa58eb0>,SEA,2.1 Remote Sensing,No
<openpyxl.worksheet.formula.ArrayFormula object at 0xe80bbaa59480>,Isa et al. (2023),"Landscape characterization using GIS-Based Landscape Character Assessment in Hulu Langat district, Malaysia",Landscape character assessment,Satellite,,0,10.17576/geo-2023-1903-02,<openpyxl.worksheet.formula.ArrayFormula object at 0xe80bbaa594e0>,Malaysia,<openpyxl.worksheet.formula.ArrayFormula object at 0xe80bbaa59540>,SEA,2.1 Remote Sensing,Yes
<openpyxl.worksheet.formula.ArrayFormula object at 0xe80bbaa59b10>,Iwahashi et al. (2023),Drought Damage Assessment for Crop Insurance Based on Vegetation Index by Unmanned Aerial Vehicle (UAV) Multispectral Images of Paddy Fields in Indonesia,Drought damage assessment for crop insurance,Drone,ms,1,10.3390/agriculture13010113,<openpyxl.worksheet.formula.ArrayFormula object at 0xe80bbaa59b70>,Indonesia,<openpyxl.worksheet.formula.ArrayFormula object at 0xe80bbaa59bd0>,SEA,2.1 Remote Sensing,Yes
<openpyxl.worksheet.formula.ArrayFormula object at 0xe80bbaa5a1a0>,Jaikawna & Pagdee (2024),"Water purification - an essential service from forest ecosystems, and farming practices in the Pong River Basin, Northeast Thailand",Water purification ecosystem services assessment,Satellite,,0,10.1016/j.tfp.2024.100599,<openpyxl.worksheet.formula.ArrayFormula object at 0xe80bbaa5a200>,Thailand,<openpyxl.worksheet.formula.ArrayFormula object at 0xe80bbaa5a260>,SEA,2.1 Remote Sensing,No
<openpyxl.worksheet.formula.ArrayFormula object at 0xe80bbaa5a830>,Jamroen & Suttikul (2024),A geographic information system-assisted techno-economic assessment framework for aquavoltaic systems in shrimp farming,Aquavoltaic systems in shrimp farming,NA (GIS),,0,10.1016/j.egyr.2024.06.059,<openpyxl.worksheet.formula.ArrayFormula object at 0xe80bbaa5a890>,Thailand,<openpyxl.worksheet.formula.ArrayFormula object at 0xe80bbaa5a8f0>,SEA,2.1 Remote Sensing; 2.3 Robotics,No
<openpyxl.worksheet.formula.ArrayFormula object at 0xe80bbaa5aec0>,Jelsma et al. (2024),"Collective action, replanting and resilience; Key lessons from 40 years of smallholder oil palm cultivation in the Ophir plantation, Indonesia",Smallholder oil palm cultivation resilience analysis,Satellite,,1,10.1016/j.agsy.2023.103801,<openpyxl.worksheet.formula.ArrayFormula object at 0xe80bbaa5af20>,Indonesia,<openpyxl.worksheet.formula.ArrayFormula object at 0xe80bbaa5af80>,SEA,2.1 Remote Sensing; 4/5 Practical/Adoption,No
<openpyxl.worksheet.formula.ArrayFormula object at 0xe80bbaa5b550>,Jewan et al. (2023),MONITORING GROWTH AND DEVELOPMENT OF BAMBARA GROUNDNUT USING A LOW-COST UNMANNED AERIAL VEHICLE,Bambara groundnut growth monitoring,Drone,ms,1,10.1109/IGARSS52108.2023.10282340,<openpyxl.worksheet.formula.ArrayFormula object at 0xe80bbaa5b5b0>,Malaysia,<openpyxl.worksheet.formula.ArrayFormula object at 0xe80bbaa5b610>,SEA,2.1 Remote Sensing,No
<openpyxl.worksheet.formula.ArrayFormula object at 0xe80bbaa5bbe0>,Jiang et al. (2023),Cropland Data Extraction in Mekong Delta Based on Time Series Sentinel-1 Dual-Polarized Data,Cropland data extraction,Satellite,,1,10.3390/rs15123050,<openpyxl.worksheet.formula.ArrayFormula object at 0xe80bbaa5bc40>,Mekong Delta,<openpyxl.worksheet.formula.ArrayFormula object at 0xe80bbaa5bca0>,Borderline-SEA → reclassify as SEA,2.1 Remote Sensing,No
<openpyxl.worksheet.formula.ArrayFormula object at 0xe80bbaa702b0>,Johari et al. (2023),"Automatic Classification of Bagworm, Metisa plana (Walker) Instar Stages Using a Transfer Learning-Based Framework",Bagworm instar stage classification,NA (Image Processing),,1,10.3390/agriculture13020442,<openpyxl.worksheet.formula.ArrayFormula object at 0xe80bbaa70310>,Malaysia,<openpyxl.worksheet.formula.ArrayFormula object at 0xe80bbaa70370>,SEA,General,No
<openpyxl.worksheet.formula.ArrayFormula object at 0xe80bbaa70940>,Jotisankasa et al. (2023),Investigating Correlations and the Validation of SMAP-Sentinel L2 and In Situ Soil Moisture in Thailand,Soil moisture validation,Satellite,,1,10.3390/s23218828,<openpyxl.worksheet.formula.ArrayFormula object at 0xe80bbaa709a0>,Thailand,<openpyxl.worksheet.formula.ArrayFormula object at 0xe80bbaa70a00>,SEA,2.1 Remote Sensing,No
<openpyxl.worksheet.formula.ArrayFormula object at 0xe80bbaa70fd0>,Kamarulzaman et al. (2023),UAV Implementations in Urban Planning and Related Sectors of Rapidly Developing Nations: A Review and Future Perspectives for Malaysia,Drone use in urban planning review,Drone,,0,10.3390/rs15112845,<openpyxl.worksheet.formula.ArrayFormula object at 0xe80bbaa71030>,Malaysia,<openpyxl.worksheet.formula.ArrayFormula object at 0xe80bbaa71090>,SEA,2.1 Remote Sensing; Intro/Background,No
<openpyxl.worksheet.formula.ArrayFormula object at 0xe80bbaa71660>,Kamlun & Phua (2024),Anthropogenic influences on deforestation of a peat swamp forest in Northern Borneo using remote sensing and GIS,Deforestation of peat swamp forest,Satellite,,0,10.5424/fs/2024331-20585,<openpyxl.worksheet.formula.ArrayFormula object at 0xe80bbaa716c0>,Malaysia,<openpyxl.worksheet.formula.ArrayFormula object at 0xe80bbaa71720>,SEA,2.1 Remote Sensing,Yes
<openpyxl.worksheet.formula.ArrayFormula object at 0xe80bbaa71cf0>,Keovongsa et al. (2024),"Analysis of Paddy Field Changes (1989-2021) Using Landsat Images and Flooding-Assisted MLC in an Urbanizing Tropical Watershed, Vientiane, Lao PDR",Paddy field change analysis in urbanizing watershed,Satellite,,1,10.3390/su16229776,<openpyxl.worksheet.formula.ArrayFormula object at 0xe80bbaa71d50>,Laos,<openpyxl.worksheet.formula.ArrayFormula object at 0xe80bbaa71db0>,SEA,2.1 Remote Sensing,Yes
<openpyxl.worksheet.formula.ArrayFormula object at 0xe80bbaa72380>,Kern et al. (2025),A global geospatial analysis to evaluate the impact of biochar on maize yield,Biochar impact on maize yield,NA (Geospatial Analysis),,0,10.1016/j.jenvman.2024.123501,<openpyxl.worksheet.formula.ArrayFormula object at 0xe80bbaa723e0>,Global,<openpyxl.worksheet.formula.ArrayFormula object at 0xe80bbaa72440>,Background (keep),General,No
<openpyxl.worksheet.formula.ArrayFormula object at 0xe80bbaa72a10>,Kesona et al. (2023),Land suitability class and implications to Land-Water-Food Nexus: A case of rice cultivation in Thailand,Land suitability and Land-Water-Food Nexus,NA (GIS),,0,10.1016/j.nexus.2023.100205,<openpyxl.worksheet.formula.ArrayFormula object at 0xe80bbaa72a70>,Thailand,<openpyxl.worksheet.formula.ArrayFormula object at 0xe80bbaa72ad0>,SEA,General,No
<openpyxl.worksheet.formula.ArrayFormula object at 0xe80bbaa730a0>,Keya et al. (2024),Enhancing precision flood mapping: Pahang's vulnerability unveiled,Flood susceptibility mapping,NA (GIS),,0,10.1371/journal.pone.0310435,<openpyxl.worksheet.formula.ArrayFormula object at 0xe80bbaa73100>,Malaysia,<openpyxl.worksheet.formula.ArrayFormula object at 0xe80bbaa73160>,SEA,General,No
<openpyxl.worksheet.formula.ArrayFormula object at 0xe80bbaa73730>,Khanjani et al. (2025),The environmental cost of shrimp aquaculture: A bibliometric and systematic review of unsustainable farming in mangrove ecosystems,Shrimp aquaculture impact on mangroves review,NA (Review),,1,10.2478/aoas-2025-0097,<openpyxl.worksheet.formula.ArrayFormula object at 0xe80bbaa73790>,Global,<openpyxl.worksheet.formula.ArrayFormula object at 0xe80bbaa737f0>,Background (keep),Intro/Background,No
<openpyxl.worksheet.formula.ArrayFormula object at 0xe80bbaa73dc0>,Kharis et al. (2024),"The Influence of Land Use and Slope Variation to Soil Infiltration Rate on Semarang City, Indonesia",Land use & slope influence on soil infiltration,NA (GIS),,0,10.1088/1755-1315/1373/1/012024,<openpyxl.worksheet.formula.ArrayFormula object at 0xe80bbaa73e20>,Indonesia,<openpyxl.worksheet.formula.ArrayFormula object at 0xe80bbaa73e80>,SEA,General,No
<openpyxl.worksheet.formula.ArrayFormula object at 0xe80bbaa8c490>,Khiem et al. (2023),"Use of GIS and machine learning to predict disease in shrimp farmed on the east coast of the Mekong Delta, Vietnam",Shrimp disease prediction,NA (GIS),,1,N/A,<openpyxl.worksheet.formula.ArrayFormula object at 0xe80bbaa8c4f0>,Vietnam,<openpyxl.worksheet.formula.ArrayFormula object at 0xe80bbaa8c550>,SEA,General,No
<openpyxl.worksheet.formula.ArrayFormula object at 0xe80bbaa8cb20>,Khiripet et al. (2024),Thai crops detection using the integration of multi-sensor remote sensing data and an RNN hierarchical algorithm,Crop detection using multi-sensor data,Satellite,,1,10.1117/12.3040587,<openpyxl.worksheet.formula.ArrayFormula object at 0xe80bbaa8cb80>,Thailand,<openpyxl.worksheet.formula.ArrayFormula object at 0xe80bbaa8cbe0>,SEA,2.1 Remote Sensing; 2.2 IoT,No
<openpyxl.worksheet.formula.ArrayFormula object at 0xe80bbaa8d1b0>,Khuc et al. (2025),"Driving forces of forest cover rehabilitation and implications for forest transition, environmental management and upland sustainable development in Vietnam",Forest rehabilitation driving forces,NA (GIS),,0,10.1007/s10668-023-04159-z,<openpyxl.worksheet.formula.ArrayFormula object at 0xe80bbaa8d210>,Vietnam,<openpyxl.worksheet.formula.ArrayFormula object at 0xe80bbaa8d270>,SEA,General,Yes
<openpyxl.worksheet.formula.ArrayFormula object at 0xe80bbaa8d840>,Kondum et al. (2024),"Change analyses and prediction of land use and land cover changes in Bernam River Basin, Malaysia",LULC change analysis & prediction,Satellite,,0,10.1016/j.rsase.2024.101281,<openpyxl.worksheet.formula.ArrayFormula object at 0xe80bbaa8d8a0>,Malaysia,<openpyxl.worksheet.formula.ArrayFormula object at 0xe80bbaa8d900>,SEA,2.1 Remote Sensing,No
<openpyxl.worksheet.formula.ArrayFormula object at 0xe80bbaa8ded0>,Koutilya & Bandaru (2023),Mapping sugarcane residue burnt areas in smallholder farming systems using machine learning approaches,Sugarcane residue burnt area mapping,Satellite,,1,10.1016/j.atech.2023.100347,<openpyxl.worksheet.formula.ArrayFormula object at 0xe80bbaa8df30>,Thailand,<openpyxl.worksheet.formula.ArrayFormula object at 0xe80bbaa8df90>,SEA,"2.1 Remote Sensing, 2.4 AI Models",No
<openpyxl.worksheet.formula.ArrayFormula object at 0xe80bbaa8e560>,Krityakierne et al. (2025),GIS spatial optimization for agricultural crop allocation using NSGA-II,Agricultural crop allocation optimization,NA (GIS),,1,10.1016/j.inpa.2024.04.005,<openpyxl.worksheet.formula.ArrayFormula object at 0xe80bbaa8e5c0>,Thailand,<openpyxl.worksheet.formula.ArrayFormula object at 0xe80bbaa8e620>,SEA,General,No
<openpyxl.worksheet.formula.ArrayFormula object at 0xe80bbaa8ebf0>,Kupfer et al. (2024),Enhanced Monitoring of Sub-Seasonal Land Use Dynamics in Vietnam's Mekong Delta through Quantile Mapping and Harmonic Regression,Sub-seasonal land use dynamics monitoring,Satellite,,0,10.3390/rs16193569,<openpyxl.worksheet.formula.ArrayFormula object at 0xe80bbaa8ec50>,Vietnam,<openpyxl.worksheet.formula.ArrayFormula object at 0xe80bbaa8ecb0>,SEA,2.1 Remote Sensing,No
<openpyxl.worksheet.formula.ArrayFormula object at 0xe80bbaa8f280>,Kustiyo et al. (2024),"Rice fields classification through spectral-temporal data fusion during the rainy and dry seasons using Sentinel-2 optical images in Subang Regency, West Java, Indonesia",Rice field classification,Satellite,,1,10.1007/s10333-024-00972-y,<openpyxl.worksheet.formula.ArrayFormula object at 0xe80bbaa8f2e0>,Indonesia,<openpyxl.worksheet.formula.ArrayFormula object at 0xe80bbaa8f340>,SEA,2.1 Remote Sensing,No
<openpyxl.worksheet.formula.ArrayFormula object at 0xe80bbaa8f910>,Lai et al. (2025),Evaluating the cumulative and time-lag effects of vegetation response to drought in the Lancang-Mekong River basin,Vegetation response to drought,Satellite,,0,10.1016/j.ecolind.2025.114113,<openpyxl.worksheet.formula.ArrayFormula object at 0xe80bbaa8f970>,Lancang-Mekong River Basin,<openpyxl.worksheet.formula.ArrayFormula object at 0xe80bbaa8f9d0>,Borderline-SEA → reclassify as SEA,2.1 Remote Sensing,No
<openpyxl.worksheet.formula.ArrayFormula object at 0xe80bbaa8ffa0>,Lam et al. (2023),Application of Fuzzy and Geospatial Analysis for Identifying Water Pollution Zone in the Can Gio Coastal Mangrove Biosphere Reserve Area,Water pollution zone identification,NA (Geospatial Analysis),,0,10.1007/978-3-031-17808-5_37,<openpyxl.worksheet.formula.ArrayFormula object at 0xe80bbaaa8040>,Vietnam,<openpyxl.worksheet.formula.ArrayFormula object at 0xe80bbaaa80a0>,SEA,General,No
<openpyxl.worksheet.formula.ArrayFormula object at 0xe80bbaaa8670>,Latthachack et al. (2023),Agricultural commercialization in borderlands: Capturing the transformation of a tropical forest frontier through participatory mapping,Agricultural commercialization & LULC mapping,Satellite,,1,10.3389/fsufs.2022.1048470,<openpyxl.worksheet.formula.ArrayFormula object at 0xe80bbaaa86d0>,Laos,<openpyxl.worksheet.formula.ArrayFormula object at 0xe80bbaaa8730>,SEA,2.1 Remote Sensing,No
<openpyxl.worksheet.formula.ArrayFormula object at 0xe80bbaaa8d00>,Le et al. (2025),Spatial-temporal analysis of agricultural drought risk: insights from a Vietnam case study,Agricultural drought risk assessment,NA (GIS & Remote Sensing data),,1,10.3389/feart.2025.1564900,<openpyxl.worksheet.formula.ArrayFormula object at 0xe80bbaaa8d60>,Vietnam,<openpyxl.worksheet.formula.ArrayFormula object at 0xe80bbaaa8dc0>,SEA,2.1 Remote Sensing,Yes
<openpyxl.worksheet.formula.ArrayFormula object at 0xe80bbaaa9390>,Leccese et al. (2024),Weed control in secondary archaeological sites by means of precision agriculture techniques,Weed control in archaeological sites,"Drone, Sensors",,0,10.21014/actaimeko.v13i2.1753,<openpyxl.worksheet.formula.ArrayFormula object at 0xe80bbaaa93f0>,NA (Archaeological sites),<openpyxl.worksheet.formula.ArrayFormula object at 0xe80bbaaa9450>,Non-SEA → review for removal,2.1 Remote Sensing; 2.2 IoT,Yes
<openpyxl.worksheet.formula.ArrayFormula object at 0xe80bbaaa9a20>,Li et al. (2025),Integrating Multi-Temporal Landsat and Sentinel Data for Enhanced Oil Palm Plantation Mapping and Age Estimation in Malaysia,Oil palm plantation mapping and age estimation,Satellite,,1,10.3390/rs17162908,<openpyxl.worksheet.formula.ArrayFormula object at 0xe80bbaaa9a80>,Malaysia,<openpyxl.worksheet.formula.ArrayFormula object at 0xe80bbaaa9ae0>,SEA,2.1 Remote Sensing,Yes
<openpyxl.worksheet.formula.ArrayFormula object at 0xe80bbaaaa0b0>,Li et al. (2025),Spatial Distribution Pattern of Forests in Yunnan Province in 2022: Analysis Based on Multi-Source Remote Sensing Data and Machine Learning,Forest spatial distribution pattern analysis,Satellite,,0,10.3390/rs17071146,<openpyxl.worksheet.formula.ArrayFormula object at 0xe80bbaaaa110>,China,<openpyxl.worksheet.formula.ArrayFormula object at 0xe80bbaaaa170>,Non-SEA → review for removal,2.1 Remote Sensing,Yes
<openpyxl.worksheet.formula.ArrayFormula object at 0xe80bbaaaa740>,Li et al. (2024),Normalized Difference Red-NIR-SWIR: A new Sentinel-2 three-band spectral index for mapping freshly-opened swiddens in the tropics,Swidden agriculture mapping,Satellite,,0,10.1016/j.ecoinf.2024.102775,<openpyxl.worksheet.formula.ArrayFormula object at 0xe80bbaaaa7a0>,Laos,<openpyxl.worksheet.formula.ArrayFormula object at 0xe80bbaaaa800>,SEA,2.1 Remote Sensing,Yes
<openpyxl.worksheet.formula.ArrayFormula object at 0xe80bbaaaadd0>,Li et al. (2025),A long-term paddy rice distribution dataset in Asia at a 30 m spatial resolution,Long-term paddy rice distribution dataset,Satellite,,1,10.1038/s41597-025-05374-1,<openpyxl.worksheet.formula.ArrayFormula object at 0xe80bbaaaae30>,Asia,<openpyxl.worksheet.formula.ArrayFormula object at 0xe80bbaaaae90>,Background (keep),2.1 Remote Sensing,Yes
<openpyxl.worksheet.formula.ArrayFormula object at 0xe80bbaaab460>,Li et al. (2025),A Two-Step Method for Monitoring Annual Paddy Rice Planted Area in Tropical Region by Integrating Rice Identification and Cropping Intensity Estimation,Paddy rice planted area monitoring,Satellite,,1,10.1109/TGRS.2025.3549296,<openpyxl.worksheet.formula.ArrayFormula object at 0xe80bbaaab4c0>,Vietnam,<openpyxl.worksheet.formula.ArrayFormula object at 0xe80bbaaab520>,SEA,2.1 Remote Sensing,Yes
<openpyxl.worksheet.formula.ArrayFormula object at 0xe80bbaaabaf0>,Li et al. (2024),Assessing Drought Impacts on Gross Primary Productivity of Rubber Plantations Using Flux Observations and Remote Sensing in China and Thailand,Drought impacts on rubber plantation productivity,Satellite,,1,10.3390/f15101732,<openpyxl.worksheet.formula.ArrayFormula object at 0xe80bbaaabb50>,"China, Thailand",<openpyxl.worksheet.formula.ArrayFormula object at 0xe80bbaaabbb0>,SEA,2.1 Remote Sensing,Yes
<openpyxl.worksheet.formula.ArrayFormula object at 0xe80bbaac41c0>,Liddy et al. (2023),Food mapping approaches for understanding food system transformations in rapid-growth city regions in the Global South,Food mapping approaches in city regions,NA (Review),,0,10.3389/fsufs.2023.1238124,<openpyxl.worksheet.formula.ArrayFormula object at 0xe80bbaac4220>,"Ethiopia, Vietnam, Colombia",<openpyxl.worksheet.formula.ArrayFormula object at 0xe80bbaac4280>,SEA,Intro/Background,Yes
<openpyxl.worksheet.formula.ArrayFormula object at 0xe80bbaac4850>,Lima et al. (2024),Use of Phenomics in the Selection of UAV-Based Vegetation Indices and Prediction of Agronomic Traits in Soybean Subjected to Flooding,Soybean response to flooding,Drone,,0,10.3390/agriengineering6030186,<openpyxl.worksheet.formula.ArrayFormula object at 0xe80bbaac48b0>,Brazil,<openpyxl.worksheet.formula.ArrayFormula object at 0xe80bbaac4910>,Non-SEA → review for removal,2.1 Remote Sensing,Yes
<openpyxl.worksheet.formula.ArrayFormula object at 0xe80bbaac4ee0>,Littidej et al. (2024),Enhanced Rubber Yield Prediction in High-Density Plantation Areas Using a GIS and Machine Learning-Based Forest Classification and Regression Model,Rubber yield prediction,Satellite,,1,10.3390/f15091535,<openpyxl.worksheet.formula.ArrayFormula object at 0xe80bbaac4f40>,Thailand,<openpyxl.worksheet.formula.ArrayFormula object at 0xe80bbaac4fa0>,SEA,"2.1 Remote Sensing, 2.4 AI Models",Yes
<openpyxl.worksheet.formula.ArrayFormula object at 0xe80bbaac5570>,Liu & Liu (2025),Reconstructed spatiotemporal changes of cropland in Vietnam from AD 1500 to 1950,Historical cropland reconstruction (1500-1950),NA (Historical data analysis),,1,10.1007/s10113-024-02339-9,<openpyxl.worksheet.formula.ArrayFormula object at 0xe80bbaac55d0>,Vietnam,<openpyxl.worksheet.formula.ArrayFormula object at 0xe80bbaac5630>,SEA,General,Yes
<openpyxl.worksheet.formula.ArrayFormula object at 0xe80bbaac5c00>,Liu et al. (2023),Consistency Analysis of Multi-Source Remote Sensing Land Cover Products in Arid Regions-A Case Study of Xinjiang,Land cover product consistency analysis,NA (Dataset comparison),,0,10.3390/land12122178,<openpyxl.worksheet.formula.ArrayFormula object at 0xe80bbaac5c60>,China (Xinjiang),<openpyxl.worksheet.formula.ArrayFormula object at 0xe80bbaac5cc0>,Non-SEA → review for removal,General,Yes
<openpyxl.worksheet.formula.ArrayFormula object at 0xe80bbaac6290>,Liu et al. (2023),"A Comparison of Six Forest Mapping Products in Southeast Asia, Aided by Field Validation Data",Forest mapping product comparison,Satellite,,0,10.3390/rs15184584,<openpyxl.worksheet.formula.ArrayFormula object at 0xe80bbaac62f0>,Southeast Asia,<openpyxl.worksheet.formula.ArrayFormula object at 0xe80bbaac6350>,SEA,2.1 Remote Sensing,Yes
<openpyxl.worksheet.formula.ArrayFormula object at 0xe80bbaac6920>,Liu et al. (2025),Assessing Habitat Quality on Synergetic Land-Cover Dataset Across the Greater Mekong Subregion over the Last Four Decades,Habitat quality assessment,Satellite,,0,10.3390/rs17081467,<openpyxl.worksheet.formula.ArrayFormula object at 0xe80bbaac6980>,GMS (Mekong Subregion),<openpyxl.worksheet.formula.ArrayFormula object at 0xe80bbaac69e0>,SEA,2.1 Remote Sensing,Yes
<openpyxl.worksheet.formula.ArrayFormula object at 0xe80bbaac6fb0>,Liu et al. (2025),Land use and land cover classification and terrestrial ecosystem carbon storage changes in Vietnam based on Sentinel images,LULC classification & carbon storage changes,Satellite,,0,10.1038/s41598-025-04765-z,<openpyxl.worksheet.formula.ArrayFormula object at 0xe80bbaac7010>,Vietnam,<openpyxl.worksheet.formula.ArrayFormula object at 0xe80bbaac7070>,SEA,2.1 Remote Sensing,Yes
<openpyxl.worksheet.formula.ArrayFormula object at 0xe80bbaac7640>,Loo et al. (2024),WildTechAlert: Deep Learning Models for Real-Time Detection of Elephant Presence Using Bioacoustics in an Early Warning System to Support Human-Elephant Coexistence,Elephant detection for human-wildlife conflict,Sensors (Bioacoustic),,0,10.1007/978-981-97-1417-9_36,<openpyxl.worksheet.formula.ArrayFormula object at 0xe80bbaac76a0>,Malaysia,<openpyxl.worksheet.formula.ArrayFormula object at 0xe80bbaac7700>,SEA,2.2 IoT,No
<openpyxl.worksheet.formula.ArrayFormula object at 0xe80bbaac7cd0>,Luong & Bui (2023),"Determination of the most suitable indicator area and remote-sensing-based indices for early yield warning for winter-spring rice in the Central Highlands, Vietnam",Rice yield early warning system,Satellite,,1,10.1117/1.JRS.17.014504,<openpyxl.worksheet.formula.ArrayFormula object at 0xe80bbaac7d30>,Vietnam,<openpyxl.worksheet.formula.ArrayFormula object at 0xe80bbaac7d90>,SEA,2.1 Remote Sensing,Yes
<openpyxl.worksheet.formula.ArrayFormula object at 0xe80bbaad83a0>,Luongl et al. (2024),"UAV hyperspectral image acquisition and processing, an application for nutrient estimation of rice in Vietnam",Nutrient estimation of rice,Drone,hs,1,10.15625/2615-9783/21306,<openpyxl.worksheet.formula.ArrayFormula object at 0xe80bbaad8400>,Vietnam,<openpyxl.worksheet.formula.ArrayFormula object at 0xe80bbaad8460>,SEA,2.1 Remote Sensing,Yes
<openpyxl.worksheet.formula.ArrayFormula object at 0xe80bbaad8a30>,Luu et al. (2024),"Integrating susceptibility maps of multiple hazards and building exposure distribution: a case study of wildfires and floods for the province of Quang Nam, Vietnam",Multi-hazard exposure assessment,"NA (Machine Learning, Spatial Modeling)",,0,10.5194/nhess-24-4385-2024,<openpyxl.worksheet.formula.ArrayFormula object at 0xe80bbaad8a90>,Vietnam,<openpyxl.worksheet.formula.ArrayFormula object at 0xe80bbaad8af0>,SEA,2.4 AI Models,No
<openpyxl.worksheet.formula.ArrayFormula object at 0xe80bbaad90c0>,Luu et al. (2023),Flash flood and landslide susceptibility analysis for a mountainous roadway in Vietnam using spatial modeling,Flash flood & landslide susceptibility analysis,"NA (Machine Learning, Spatial Modeling)",,0,10.1016/j.qsa.2023.100083,<openpyxl.worksheet.formula.ArrayFormula object at 0xe80bbaad9120>,Vietnam,<openpyxl.worksheet.formula.ArrayFormula object at 0xe80bbaad9180>,SEA,2.4 AI Models,No
<openpyxl.worksheet.formula.ArrayFormula object at 0xe80bbaad9750>,Ma et al. (2025),Mapping utilizable rooftop areas to meet food security goal in four high-density cities: A deep learning and GIS integrated approach,Rooftop agriculture area mapping,"NA (GIS, Deep Learning)",,1,10.1016/j.scs.2024.106066,<openpyxl.worksheet.formula.ArrayFormula object at 0xe80bbaad97b0>,"Singapore, Hong Kong, Canada, Netherlands",<openpyxl.worksheet.formula.ArrayFormula object at 0xe80bbaad9810>,SEA,2.4 AI Models,Yes
<openpyxl.worksheet.formula.ArrayFormula object at 0xe80bbaad9de0>,Mahavik et al. (2025),Spatiotemporal characteristics and diurnal patterns of pre-monsoon hailstorms in northern Thailand,Pre-monsoon hailstorm analysis,NA (GIS),,0,10.1007/s11069-025-07505-8,<openpyxl.worksheet.formula.ArrayFormula object at 0xe80bbaad9e40>,Thailand,<openpyxl.worksheet.formula.ArrayFormula object at 0xe80bbaad9ea0>,SEA,General,No
<openpyxl.worksheet.formula.ArrayFormula object at 0xe80bbaada470>,Manessa et al. (2023),Study of Rubber Leaf Disease using Hyperspectral Reflectance,Rubber leaf disease study,Sensors (Hyperspectral),,1,10.1117/12.2646516,<openpyxl.worksheet.formula.ArrayFormula object at 0xe80bbaada4d0>,Indonesia,<openpyxl.worksheet.formula.ArrayFormula object at 0xe80bbaada530>,SEA,2.1 Remote Sensing; 2.2 IoT,Yes
<openpyxl.worksheet.formula.ArrayFormula object at 0xe80bbaadab00>,Mangkhaseum et al. (2024),"Harnessing Multi-satellite Remote Sensing Data and Machine Learning for Flood Risk Assessment in Nam Ngum River Basin, Lao PDR",Flood risk assessment,Satellite,,0,10.1117/12.3022819,<openpyxl.worksheet.formula.ArrayFormula object at 0xe80bbaadab60>,Laos,<openpyxl.worksheet.formula.ArrayFormula object at 0xe80bbaadabc0>,SEA,"2.1 Remote Sensing, 2.4 AI Models",No
<openpyxl.worksheet.formula.ArrayFormula object at 0xe80bbaadb190>,Mangura et al. (2024),Digitalization in Indonesia's Agrifood Sector in the Wake of the COVID-19 Pandemic,Digital technology in agrifood sector,"NA (GIS, GPS)",,0,10.37801/ajad2024.21.1.6,<openpyxl.worksheet.formula.ArrayFormula object at 0xe80bbaadb1f0>,Indonesia,<openpyxl.worksheet.formula.ArrayFormula object at 0xe80bbaadb250>,SEA,General,No
<openpyxl.worksheet.formula.ArrayFormula object at 0xe80bbaadb820>,Manimozhi & Krishnamoorthy (2025),Innovative Techniques in Agriculture: Transitioning From Traditional Farming to Precision and Hydroponic Agriculture,Precision & hydroponic agriculture review,"Satellite, IoT, Sensors",,1,10.1002/tqem.70047,<openpyxl.worksheet.formula.ArrayFormula object at 0xe80bbaadb880>,"Global (mentions India, Singapore)",<openpyxl.worksheet.formula.ArrayFormula object at 0xe80bbaadb8e0>,SEA,2.1 Remote Sensing; 2.2 IoT; 3.2 Controlled Env; Intro/Background,No
<openpyxl.worksheet.formula.ArrayFormula object at 0xe80bbaadbeb0>,Mansyur et al. (2025),Historical Land Use and Land Cover Change of the Lake Tempe Region: A Multi-source Data Landscape Reconstruction,Historical LULC reconstruction,Satellite,,0,10.24259/fs.v9i1.33184,<openpyxl.worksheet.formula.ArrayFormula object at 0xe80bbaadbf10>,Indonesia,<openpyxl.worksheet.formula.ArrayFormula object at 0xe80bbaadbf70>,SEA,2.1 Remote Sensing,No
<openpyxl.worksheet.formula.ArrayFormula object at 0xe80bbaaf8580>,Mao et al. (2023),Land use and cover in subtropical East Asia and Southeast Asia from 1700 to 2018,Historical LULC reconstruction (1700-2018),Satellite,,0,10.1016/j.gloplacha.2023.104157,<openpyxl.worksheet.formula.ArrayFormula object at 0xe80bbaaf85e0>,Southeast Asia,<openpyxl.worksheet.formula.ArrayFormula object at 0xe80bbaaf8640>,SEA,2.1 Remote Sensing,No
<openpyxl.worksheet.formula.ArrayFormula object at 0xe80bbaaf8c10>,Maretanio et al. (2024),Estimation of Rice Field Area Using YOLO Method to Support Smart Agriculture System,Rice field area estimation,Drone,rgb,1,10.1109/IES63037.2024.10665762,<openpyxl.worksheet.formula.ArrayFormula object at 0xe80bbaaf8c70>,Indonesia,<openpyxl.worksheet.formula.ArrayFormula object at 0xe80bbaaf8cd0>,SEA,"2.1 Remote Sensing, 2.4 AI Models",No
<openpyxl.worksheet.formula.ArrayFormula object at 0xe80bbaaf92a0>,Mariyah & Wobcke (2025),"Evaluating area-level features for proxy means test models: evidence from rural, semi-urban and urban districts in poverty targeting",Poverty targeting models,Satellite,,0,10.1007/s42001-025-00405-8,<openpyxl.worksheet.formula.ArrayFormula object at 0xe80bbaaf9300>,Indonesia,<openpyxl.worksheet.formula.ArrayFormula object at 0xe80bbaaf9360>,SEA,2.1 Remote Sensing,No
<openpyxl.worksheet.formula.ArrayFormula object at 0xe80bbaaf9930>,Martviset et al. (2024),"Coproprevalence, seroprevalence, and geographic distribution of Fasciola spp. infection in beef and dairy cattle in Pak Chong highland, Nakhon-Ratchasima Province, Northeast Thailand",Livestock parasite infection distribution,NA (GIS),,0,10.1016/j.parint.2023.102809,<openpyxl.worksheet.formula.ArrayFormula object at 0xe80bbaaf9990>,Thailand,<openpyxl.worksheet.formula.ArrayFormula object at 0xe80bbaaf99f0>,SEA,General,No
<openpyxl.worksheet.formula.ArrayFormula object at 0xe80bbaaf9fc0>,Masruroh et al. (2025),"Comprehensive Assessment of Fuzzy-based Ecological Vulnerability Using PCA-Entropy-SRP Model and Weighted Multi-scenario Analysis Based on OWA Operator in Mondangan Watershed, Blitar Regency, East Java, Indonesia",Ecological vulnerability assessment,Satellite,,0,10.1007/s41748-025-00674-3,<openpyxl.worksheet.formula.ArrayFormula object at 0xe80bbaafa020>,Indonesia,<openpyxl.worksheet.formula.ArrayFormula object at 0xe80bbaafa080>,SEA,2.1 Remote Sensing,Yes
<openpyxl.worksheet.formula.ArrayFormula object at 0xe80bbaafa650>,Masruroh et al. (2023),A Spatial Model of Landslides with A Micro-Topography and Vegetation Approach for Sustainable Land Management in the Volcanic Area,Landslide spatial modeling,Drone,,0,10.3390/su15043043,<openpyxl.worksheet.formula.ArrayFormula object at 0xe80bbaafa6b0>,Indonesia,<openpyxl.worksheet.formula.ArrayFormula object at 0xe80bbaafa710>,SEA,2.1 Remote Sensing,Yes
<openpyxl.worksheet.formula.ArrayFormula object at 0xe80bbaaface0>,Mathur & Bhattacharya (2024),From pixels to patterns: review of remote sensing techniques for mapping shifting cultivation systems,Shifting cultivation mapping techniques review,NA (Review),,1,10.1007/s41324-023-00547-9,<openpyxl.worksheet.formula.ArrayFormula object at 0xe80bbaafad40>,Global (Tropics),<openpyxl.worksheet.formula.ArrayFormula object at 0xe80bbaafada0>,Background (keep),Intro/Background,Yes
<openpyxl.worksheet.formula.ArrayFormula object at 0xe80bbaafb370>,Matsumoto-Takahashi et al. (2023),Deforestation inhibits malaria transmission in Lao PDR: a spatial epidemiology using Earth observation satellites,Deforestation impact on malaria transmission,Satellite,,0,10.1186/s41182-023-00554-4,<openpyxl.worksheet.formula.ArrayFormula object at 0xe80bbaafb3d0>,Laos,<openpyxl.worksheet.formula.ArrayFormula object at 0xe80bbaafb430>,SEA,2.1 Remote Sensing,No
<openpyxl.worksheet.formula.ArrayFormula object at 0xe80bbaafba00>,Memarsadeghi et al. (2023),Understanding work-related travel and its relation to malaria occurrence in Thailand using geospatial maximum entropy modelling,Malaria occurrence & work-related travel,NA (Geospatial Modeling),,0,10.1186/s12936-023-04478-6,<openpyxl.worksheet.formula.ArrayFormula object at 0xe80bbaafba60>,"Thailand, Cambodia",<openpyxl.worksheet.formula.ArrayFormula object at 0xe80bbaafbac0>,SEA,General,No
<openpyxl.worksheet.formula.ArrayFormula object at 0xe80bbab100d0>,Meyer et al. (2023),Three-Dimensional Visualization of Long-Range Atmospheric Transport of Crop Pathogens and Insect Pests,Crop pathogen & pest transport visualization,NA (Geospatial Data Visualization),,1,10.3390/atmos14060910,<openpyxl.worksheet.formula.ArrayFormula object at 0xe80bbab10130>,"East Africa, Southeast Asia",<openpyxl.worksheet.formula.ArrayFormula object at 0xe80bbab10190>,SEA,General,No
<openpyxl.worksheet.formula.ArrayFormula object at 0xe80bbab10760>,Ming et al. (2023),Quantitative Assessment of Cropland Exposure to Agricultural Drought in the Greater Mekong Subregion,Cropland exposure to agricultural drought,Satellite,,1,10.3390/rs15112737,<openpyxl.worksheet.formula.ArrayFormula object at 0xe80bbab107c0>,GMS (Mekong Subregion),<openpyxl.worksheet.formula.ArrayFormula object at 0xe80bbab10820>,SEA,2.1 Remote Sensing,No
<openpyxl.worksheet.formula.ArrayFormula object at 0xe80bbab10df0>,Mirandilla et al. (2023),Leaf Spectral Analysis for Detection and Differentiation of Three Major Rice Diseases in the Philippines,Rice disease detection and differentiation,Sensors,,1,10.3390/rs15123058,<openpyxl.worksheet.formula.ArrayFormula object at 0xe80bbab10e50>,Philippines,<openpyxl.worksheet.formula.ArrayFormula object at 0xe80bbab10eb0>,SEA,2.2 IoT,No
<openpyxl.worksheet.formula.ArrayFormula object at 0xe80bbab11480>,Mohidem et al. (2024),Integration of Unmanned Aerial Vehicle and Multispectral Sensor for Paddy Growth Monitoring Application: A Review,Paddy growth monitoring,"Drone, Sensors (SPAD)",,1,10.47836/pjst.32.2.04,<openpyxl.worksheet.formula.ArrayFormula object at 0xe80bbab114e0>,Malaysia,<openpyxl.worksheet.formula.ArrayFormula object at 0xe80bbab11540>,SEA,2.1 Remote Sensing; 2.2 IoT,No
<openpyxl.worksheet.formula.ArrayFormula object at 0xe80bbab11b10>,Mohsin & Suratman (2024),"Modelling the Above-Ground Biomass (AGB) of Eucalyptus Plantations using WorldView-2 Imagery in Sabah, Malaysia",Eucalyptus plantation biomass estimation,Satellite,,1,10.21834/e-bpj.v8iSI17.5455,<openpyxl.worksheet.formula.ArrayFormula object at 0xe80bbab11b70>,Malaysia,<openpyxl.worksheet.formula.ArrayFormula object at 0xe80bbab11bd0>,SEA,2.1 Remote Sensing; 3.1 HTP/Phenotyping,No
<openpyxl.worksheet.formula.ArrayFormula object at 0xe80bbab121a0>,Montero-De La Torre et al. (2023),Day and night camera trap videos are effective for identifying individual wild Asian elephants,Individual elephant identification,Sensors (Camera Trap),,0,10.7717/peerj.15130,<openpyxl.worksheet.formula.ArrayFormula object at 0xe80bbab12200>,Thailand,<openpyxl.worksheet.formula.ArrayFormula object at 0xe80bbab12260>,SEA,2.2 IoT,No
<openpyxl.worksheet.formula.ArrayFormula object at 0xe80bbab12830>,Mortelmans et al. (2025),"Using hydrological modelling to improve the Fire Weather Index system over tropical peatlands of peninsular Malaysia, Sumatra and Borneo",Fire Weather Index for tropical peatlands,Satellite,,0,10.1071/WF24057,<openpyxl.worksheet.formula.ArrayFormula object at 0xe80bbab12890>,"Malaysia, Indonesia",<openpyxl.worksheet.formula.ArrayFormula object at 0xe80bbab128f0>,SEA,2.1 Remote Sensing,No
<openpyxl.worksheet.formula.ArrayFormula object at 0xe80bbab12ec0>,Mukhopadhyay et al. (2025),Using Artificial Intelligence and Deep Learning Algorithms to Extract Land Features from High-Resolution Pléiades Data,Land feature extraction from high-resolution data,Satellite,,0,10.1007/s12524-024-02077-9,<openpyxl.worksheet.formula.ArrayFormula object at 0xe80bbab12f20>,Thailand,<openpyxl.worksheet.formula.ArrayFormula object at 0xe80bbab12f80>,SEA,"2.1 Remote Sensing, 2.4 AI Models",No
<openpyxl.worksheet.formula.ArrayFormula object at 0xe80bbab13550>,Mulyani et al. (2023),Potential Land Reserves for Agriculture in Indonesia: Suitability and Legal Aspect Supporting Food Sufficiency,Potential land reserves for agriculture,Satellite,,1,10.3390/land12050970,<openpyxl.worksheet.formula.ArrayFormula object at 0xe80bbab135b0>,Indonesia,<openpyxl.worksheet.formula.ArrayFormula object at 0xe80bbab13610>,SEA,2.1 Remote Sensing,No
<openpyxl.worksheet.formula.ArrayFormula object at 0xe80bbab13be0>,Muzykant et al. (2023),Infrastructure and Computation in a Smart City as e-Government Contemporary Competence,Smart city infrastructure & computation,Drone,,0,10.1007/978-981-19-7663-6_60,<openpyxl.worksheet.formula.ArrayFormula object at 0xe80bbab13c40>,"Indonesia, Russia",<openpyxl.worksheet.formula.ArrayFormula object at 0xe80bbab13ca0>,SEA,2.1 Remote Sensing,No
<openpyxl.worksheet.formula.ArrayFormula object at 0xe80bba9302b0>,Myint et al. (2025),Detecting oil palm plantations and mangroves overlooked by IGBP land-cover products with ground-truthing from the sky across Southeast Asia,Oil palm plantation & mangrove detection,Satellite,,1,10.1016/j.tfp.2025.100950,<openpyxl.worksheet.formula.ArrayFormula object at 0xe80bba930310>,Southeast Asia,<openpyxl.worksheet.formula.ArrayFormula object at 0xe80bba930370>,SEA,2.1 Remote Sensing,Yes
<openpyxl.worksheet.formula.ArrayFormula object at 0xe80bba930940>,Nga et al. (2024),"Risk of Land Degradation: A Case Study of Phu Yen Province, Vietnam",Land degradation risk assessment,"NA (GIS, AHP)",,0,10.12775/EQ.2024.019,<openpyxl.worksheet.formula.ArrayFormula object at 0xe80bba9309a0>,Vietnam,<openpyxl.worksheet.formula.ArrayFormula object at 0xe80bba930a00>,SEA,General,No
<openpyxl.worksheet.formula.ArrayFormula object at 0xe80bba930fd0>,Ngoen-Klan et al. (2024),"Spatiotemporal distribution of hematophagous flies (Diptera: Muscidae) on beef cattle farms in Bangkok, Thailand",Hematophagous fly distribution on cattle farms,Satellite,,1,10.1093/jme/tjae042,<openpyxl.worksheet.formula.ArrayFormula object at 0xe80bba931030>,Thailand,<openpyxl.worksheet.formula.ArrayFormula object at 0xe80bba931090>,SEA,2.1 Remote Sensing; 2.3 Robotics,No
<openpyxl.worksheet.formula.ArrayFormula object at 0xe80bba931660>,Nguyen & Le (2023),Diffusion of Geographical Indication Law in Vietnam: Journey To The West,Geographical Indication law diffusion,NA (Legal/Policy Analysis),,0,10.1007/s40319-023-01289-9,<openpyxl.worksheet.formula.ArrayFormula object at 0xe80bba9316c0>,Vietnam,<openpyxl.worksheet.formula.ArrayFormula object at 0xe80bba931720>,SEA,Intro/Background,Yes
<openpyxl.worksheet.formula.ArrayFormula object at 0xe80bba931cf0>,Nguyen et al. (2025),Application of MCE-AHP technical for modelling paddy zoning: A case study in Vietnam,Paddy zoning modeling,Satellite,,1,10.12775/EQ.2023.013,<openpyxl.worksheet.formula.ArrayFormula object at 0xe80bba931d50>,Vietnam,<openpyxl.worksheet.formula.ArrayFormula object at 0xe80bba931db0>,SEA,2.1 Remote Sensing,Yes
<openpyxl.worksheet.formula.ArrayFormula object at 0xe80bba932380>,Nguyen et al. (2025),A modification of normalized difference drought index to enhance drought assessment using remotely sensed imagery,Drought assessment index modification,Satellite,,0,10.1007/s10661-024-13060-9,<openpyxl.worksheet.formula.ArrayFormula object at 0xe80bba9323e0>,Vietnam,<openpyxl.worksheet.formula.ArrayFormula object at 0xe80bba932440>,SEA,2.1 Remote Sensing,Yes
<openpyxl.worksheet.formula.ArrayFormula object at 0xe80bba932a10>,Nguyen et al. (2025),"Early detection of infestation by mustard aphid, vegetable thrips and two-spotted spider mite in bok choy with deep neural network (DNN) classification model using hyperspectral imaging data",Pest detection in bok choy,Sensors (Hyperspectral),,1,10.1016/j.compag.2024.108892,<openpyxl.worksheet.formula.ArrayFormula object at 0xe80bba932a70>,Singapore,<openpyxl.worksheet.formula.ArrayFormula object at 0xe80bba932ad0>,SEA,"2.1 Remote Sensing; 2.2 IoT, 2.4 AI Models",Yes
<openpyxl.worksheet.formula.ArrayFormula object at 0xe80bba9330a0>,Nguyen et al. (2024),"Land use, land cover changes and expansion of artificial reservoirs in Eastern Thailand: implications for agriculture and vegetation drought reduction",LULC change & reservoir expansion analysis,Satellite,,0,10.1007/s10661-024-13151-7,<openpyxl.worksheet.formula.ArrayFormula object at 0xe80bba933100>,Thailand,<openpyxl.worksheet.formula.ArrayFormula object at 0xe80bba933160>,SEA,2.1 Remote Sensing,Yes
<openpyxl.worksheet.formula.ArrayFormula object at 0xe80bba933730>,Nguyen et al. (2024),Soil salinity prediction using hybrid machine learning and remote sensing in Ben Tre province on Vietnam's Mekong River Delta,Soil salinity monitoring,Satellite,,0,10.1007/s11356-023-27516-x,<openpyxl.worksheet.formula.ArrayFormula object at 0xe80bba933790>,Vietnam,<openpyxl.worksheet.formula.ArrayFormula object at 0xe80bba9337f0>,SEA,"2.1 Remote Sensing, 2.4 AI Models",Yes
<openpyxl.worksheet.formula.ArrayFormula object at 0xe80bba933dc0>,Nguyen et al. (2024),Application of hybrid model-based machine learning for groundwater potential prediction in the north central of Vietnam,Groundwater potential prediction,Satellite,,0,10.1007/s12145-023-01209-y,<openpyxl.worksheet.formula.ArrayFormula object at 0xe80bba933e20>,Vietnam,<openpyxl.worksheet.formula.ArrayFormula object at 0xe80bba933e80>,SEA,"2.1 Remote Sensing, 2.4 AI Models",Yes
<openpyxl.worksheet.formula.ArrayFormula object at 0xe80bba948490>,Nguyen et al. (2023),Assessing the change of water quality and quantity in the upper basin of Thac Ba reservoir under the impacts of future land-use scenarios,Land use change impact on water quality,"NA (GIS, SWAT Model)",,0,10.1007/s40808-023-01732-3,<openpyxl.worksheet.formula.ArrayFormula object at 0xe80bba9484f0>,Vietnam,<openpyxl.worksheet.formula.ArrayFormula object at 0xe80bba948550>,SEA,General,Yes
<openpyxl.worksheet.formula.ArrayFormula object at 0xe80bba948b20>,Nguyen et al. (2025),BANANA REIGNS WILT BASED ON MACHINE LEARNING AND UAV-BASED MULTISPECTRAL IMAGERY,Banana wilt disease monitoring,Drone,ms,1,10.21163/GT_2025.201.22,<openpyxl.worksheet.formula.ArrayFormula object at 0xe80bba948b80>,Vietnam,<openpyxl.worksheet.formula.ArrayFormula object at 0xe80bba948be0>,SEA,"2.1 Remote Sensing, 2.4 AI Models",Yes
<openpyxl.worksheet.formula.ArrayFormula object at 0xe80bba9491b0>,Nguyen et al. (2025),Comparative genomic analysis of Flavobacterium species causing columnaris disease of freshwater fish in Thailand: insights into virulence and resistance mechanisms,Fish disease analysis,NA (Genomic Analysis),,0,10.1186/s12917-025-04488-3,<openpyxl.worksheet.formula.ArrayFormula object at 0xe80bba949210>,Thailand,<openpyxl.worksheet.formula.ArrayFormula object at 0xe80bba949270>,SEA,General,Yes
<openpyxl.worksheet.formula.ArrayFormula object at 0xe80bba949840>,Nguyen et al. (2025),"TRANSFORMATION AND FRAGMENTATION OF WETLANDS IN MEKONG DELTA FLOODPLAINS: A CASE STUDY IN DONG THAP PROVINCE, VIETNAM",Wetland transformation & fragmentation,Satellite,,0,10.7546/CRABS.2025.02.06,<openpyxl.worksheet.formula.ArrayFormula object at 0xe80bba9498a0>,Vietnam,<openpyxl.worksheet.formula.ArrayFormula object at 0xe80bba949900>,SEA,2.1 Remote Sensing,Yes
<openpyxl.worksheet.formula.ArrayFormula object at 0xe80bba949ed0>,Nguyen et al. (2025),Digital Technology Adoption and its impact on household Efficiency: case study drones in rural Vietnam,Digital technology impact on household efficiency,Drone,,0,10.1016/j.atech.2025.100980,<openpyxl.worksheet.formula.ArrayFormula object at 0xe80bba949f30>,Vietnam,<openpyxl.worksheet.formula.ArrayFormula object at 0xe80bba949f90>,SEA,2.1 Remote Sensing,Yes
<openpyxl.worksheet.formula.ArrayFormula object at 0xe80bbb9ffc70>,Nguyen et al. (2024),Landscape Dynamics and Environmental Fragility Zoning in Hinh River Basin: Insights for protecting natural ecosystems,Environmental fragility zoning,Satellite,,0,10.3897/oneeco.9.e134088,<openpyxl.worksheet.formula.ArrayFormula object at 0xe80bbb9fd3c0>,Vietnam,<openpyxl.worksheet.formula.ArrayFormula object at 0xe80bbb9fd150>,SEA,2.1 Remote Sensing,Yes
<openpyxl.worksheet.formula.ArrayFormula object at 0xe80bba94a650>,Ningrum et al. (2025),Application of numerical simulation method integrated SfM-UAV to tsunami hazard map in Jailolo,Tsunami hazard mapping,Drone,,0,10.4102/jamba.v17i1.1813,<openpyxl.worksheet.formula.ArrayFormula object at 0xe80bba94a6b0>,Indonesia,<openpyxl.worksheet.formula.ArrayFormula object at 0xe80bba94a710>,SEA,2.1 Remote Sensing,No
<openpyxl.worksheet.formula.ArrayFormula object at 0xe80bba94ace0>,Nirwansyah et al. (2023),Method for economic loss estimation in traditional coastal salt farming towards tidal inundation,Economic loss estimation in coastal salt farming,NA (GIS),,0,10.1016/j.mex.2023.102176,<openpyxl.worksheet.formula.ArrayFormula object at 0xe80bba94ad40>,Indonesia,<openpyxl.worksheet.formula.ArrayFormula object at 0xe80bba94ada0>,SEA,2.3 Robotics,No
<openpyxl.worksheet.formula.ArrayFormula object at 0xe80bba94b370>,Nissawan et al. (2024),ESTIMATING EVAPORATION FROM SATELLITE REMOTE SENSING AND METEOROLOGICAL PARAMETERS,Evaporation estimation,Satellite,,0,10.55766/sujst-2024-04-e03052,<openpyxl.worksheet.formula.ArrayFormula object at 0xe80bba94b3d0>,Thailand,<openpyxl.worksheet.formula.ArrayFormula object at 0xe80bba94b430>,SEA,2.1 Remote Sensing,No
<openpyxl.worksheet.formula.ArrayFormula object at 0xe80bba94ba00>,Norhashim et al. (2024),A Review of Unmanned Aerial Vehicle Technology Adoption for Precision Agriculture in Malaysia,Drone adoption for precision agriculture review,Drone,,1,10.1142/S230138502450016X,<openpyxl.worksheet.formula.ArrayFormula object at 0xe80bba94ba60>,Malaysia,<openpyxl.worksheet.formula.ArrayFormula object at 0xe80bba94bac0>,SEA,2.1 Remote Sensing; 4/5 Practical/Adoption; Intro/Background,No
<openpyxl.worksheet.formula.ArrayFormula object at 0xe80bba9600d0>,Normandin et al. (2024),Sharp decline in surface water resources for agriculture and fisheries in the Lower Mekong Basin over 2000-2020,Surface water resource decline analysis,Satellite,,0,10.1016/j.scitotenv.2024.175259,<openpyxl.worksheet.formula.ArrayFormula object at 0xe80bba960130>,Mekong River Basin,<openpyxl.worksheet.formula.ArrayFormula object at 0xe80bba960190>,Borderline-SEA → reclassify as SEA,2.1 Remote Sensing,No
<openpyxl.worksheet.formula.ArrayFormula object at 0xe80bba960760>,Nuwara et al. (2024),Computer Vision-Based Surveillance of Oil Palm Trees using YOLOv5 and Aerial Imagery Investigation on Stochastic Optimised Hyperparameters,Oil palm tree surveillance & health monitoring,Drone,,1,10.6688/JISE.20240940(5).0004,<openpyxl.worksheet.formula.ArrayFormula object at 0xe80bba9607c0>,Indonesia,<openpyxl.worksheet.formula.ArrayFormula object at 0xe80bba960820>,SEA,"2.1 Remote Sensing, 2.4 AI Models",No
<openpyxl.worksheet.formula.ArrayFormula object at 0xe80bba960df0>,Nyein et al. (2025),"Reviewing Mangrove Degradation, Conservation, and Restoration: A Sustainability Nexus Assessment on Myanmar Using the DPSIR Framework","Mangrove degradation, conservation, & restoration","NA (Review, Remote Sensing)",,0,10.24259/fs.v9i1.35303,<openpyxl.worksheet.formula.ArrayFormula object at 0xe80bba960e50>,Myanmar,<openpyxl.worksheet.formula.ArrayFormula object at 0xe80bba960eb0>,SEA,2.1 Remote Sensing; Intro/Background,No
<openpyxl.worksheet.formula.ArrayFormula object at 0xe80bba961480>,Obaitor et al. (2025),"Spatial Dynamics and Drivers of Urban Growth in Thua Thien Hue Province, Vietnam: Insights for Urban Sustainability in the Global South",Urban growth dynamics and drivers,NA (GIS),,0,10.3390/ijgi14020044,<openpyxl.worksheet.formula.ArrayFormula object at 0xe80bba9614e0>,Vietnam,<openpyxl.worksheet.formula.ArrayFormula object at 0xe80bba961540>,SEA,General,No
<openpyxl.worksheet.formula.ArrayFormula object at 0xe80bba961b10>,Oca et al. (2025),"Site Suitability Analysis for Dairy Buffalo Production in Magdalena, Laguna, Philippines Using Geographic Information System",Dairy buffalo production site suitability,NA (GIS),,0,10.47125/jesam/2025_1/01,<openpyxl.worksheet.formula.ArrayFormula object at 0xe80bba961b70>,Philippines,<openpyxl.worksheet.formula.ArrayFormula object at 0xe80bba961bd0>,SEA,General,No
<openpyxl.worksheet.formula.ArrayFormula object at 0xe80bba9621a0>,Ocak & Bahadir (2024),"Evaluation of Potential Soil Erosion Areas in the Ladik Lake Basin via AHP and GIS Integration (Samsun, Türkiye)",Soil erosion areas assessment,NA (GIS),,0,10.26650/JGEOG2024-1452908,<openpyxl.worksheet.formula.ArrayFormula object at 0xe80bba962200>,Turkey,<openpyxl.worksheet.formula.ArrayFormula object at 0xe80bba962260>,Non-SEA → review for removal,General,No
<openpyxl.worksheet.formula.ArrayFormula object at 0xe80bba962830>,Oktavia et al. (2024),"Dynamics of Land use and Land cover in the Belitung Island, Indonesia",LULC dynamics & deforestation trends,Satellite,,0,10.1016/j.heliyon.2024.e33291,<openpyxl.worksheet.formula.ArrayFormula object at 0xe80bba962890>,Indonesia,<openpyxl.worksheet.formula.ArrayFormula object at 0xe80bba9628f0>,SEA,2.1 Remote Sensing,No
<openpyxl.worksheet.formula.ArrayFormula object at 0xe80bba962ec0>,Ong (2024),Economics of sustainable lignocellulose biomass and biofuel logistics in Malaysia,Biomass & biofuel logistics economics,NA (GIS),,0,10.19182/bft2024.359.a37446,<openpyxl.worksheet.formula.ArrayFormula object at 0xe80bba962f20>,Malaysia,<openpyxl.worksheet.formula.ArrayFormula object at 0xe80bba962f80>,SEA,3.1 HTP/Phenotyping,Yes
<openpyxl.worksheet.formula.ArrayFormula object at 0xe80bba963550>,Oon et al. (2023),The conservation of biodiverse continuous forests and patches may provide services that support oil palm yield: Evidence from satellite crop monitoring,Forest conservation impact on oil palm yield,Satellite,,0,10.1016/j.clpl.2023.100036,<openpyxl.worksheet.formula.ArrayFormula object at 0xe80bba9635b0>,Malaysia,<openpyxl.worksheet.formula.ArrayFormula object at 0xe80bba963610>,SEA,2.1 Remote Sensing,Yes
<openpyxl.worksheet.formula.ArrayFormula object at 0xe80bba963be0>,Opasatian & Ahamed (2024),Driveway Detection for Weed Management in Cassava Plantation Fields in Thailand Using Ground Imagery Datasets and Deep Learning Models,Driveway detection for weed management,NA (Deep Learning),,0,10.3390/agriengineering6030194,<openpyxl.worksheet.formula.ArrayFormula object at 0xe80bba963c40>,Thailand,<openpyxl.worksheet.formula.ArrayFormula object at 0xe80bba963ca0>,SEA,2.4 AI Models,No
<openpyxl.worksheet.formula.ArrayFormula object at 0xe80bba97c2b0>,Orange et al. (2023),"Use of multibeam bathymetry and backscatter to improve seabed geochemical surveys-Part 2: Best practices and case studies in seep hunting for exploration, with an emphasis on Indonesia",Seep hunting for oil & gas exploration,"NA (Multibeam, GIS)",,0,10.1190/INT-2022-0067.1,<openpyxl.worksheet.formula.ArrayFormula object at 0xe80bba97c310>,"Indonesia, Barbados",<openpyxl.worksheet.formula.ArrayFormula object at 0xe80bba97c370>,SEA,2.2 IoT,No
<openpyxl.worksheet.formula.ArrayFormula object at 0xe80bba97c940>,Ottinger et al. (2026),Pond aquaculture dynamics in Asia: Satellite time series for analyzing the spatio-temporal development of coastal aquaculture,Pond aquaculture dynamics analysis,Satellite,,1,10.1016/j.aquaculture.2025.742940,<openpyxl.worksheet.formula.ArrayFormula object at 0xe80bba97c9a0>,Asia,<openpyxl.worksheet.formula.ArrayFormula object at 0xe80bba97ca00>,Background (keep),2.1 Remote Sensing,No
<openpyxl.worksheet.formula.ArrayFormula object at 0xe80bba97cfd0>,Pakoksung (2024),"Assessment of Soil Loss from Land Cover Changes in the Nan River Basin, Thailand",Soil loss from land cover changes,Satellite,,0,10.3390/geohazards5010001,<openpyxl.worksheet.formula.ArrayFormula object at 0xe80bba97d030>,Thailand,<openpyxl.worksheet.formula.ArrayFormula object at 0xe80bba97d090>,SEA,2.1 Remote Sensing,No
<openpyxl.worksheet.formula.ArrayFormula object at 0xe80bba97d660>,Palasai et al. (2024),Enhancing Wind Turbine Blade Preventive Maintenance Procedure through Computational Fluid Dynamics-Based Prediction of Wall Shear Stress,Wind turbine blade maintenance,NA (CFD),,0,10.3390/su16072873,<openpyxl.worksheet.formula.ArrayFormula object at 0xe80bba97d6c0>,Thailand,<openpyxl.worksheet.formula.ArrayFormula object at 0xe80bba97d720>,SEA,General,No
<openpyxl.worksheet.formula.ArrayFormula object at 0xe80bba97dcf0>,Panboonyuen et al. (2023),MeViT: A Medium-Resolution Vision Transformer for Semantic Segmentation on Landsat Satellite Imagery for Agriculture in Thailand,Semantic segmentation for agriculture crops,Satellite,,1,10.3390/rs15215124,<openpyxl.worksheet.formula.ArrayFormula object at 0xe80bba97dd50>,Thailand,<openpyxl.worksheet.formula.ArrayFormula object at 0xe80bba97ddb0>,SEA,"2.1 Remote Sensing, 2.4 AI Models",No
<openpyxl.worksheet.formula.ArrayFormula object at 0xe80bba97e380>,Panghurian et al. (2024),Comparison of Resnet Models in UNet Classifier for Mapping Oil Palm Plantation Area with Semantic Segmentation Approach,Oil palm plantation area mapping,Satellite,,1,N/A,<openpyxl.worksheet.formula.ArrayFormula object at 0xe80bba97e3e0>,Indonesia,<openpyxl.worksheet.formula.ArrayFormula object at 0xe80bba97e440>,SEA,"2.1 Remote Sensing, 2.4 AI Models",Yes
<openpyxl.worksheet.formula.ArrayFormula object at 0xe80bba97ea10>,Pasha & Dadhwal (2023),Rubber expansion and age-class mapping in the state of Tripura (India) 1990-2021 using multi-year and multi-sensor data,Rubber expansion & age-class mapping,Satellite,,1,10.1007/s10661-023-10942-2,<openpyxl.worksheet.formula.ArrayFormula object at 0xe80bba97ea70>,India,<openpyxl.worksheet.formula.ArrayFormula object at 0xe80bba97ead0>,Non-SEA → review for removal,2.1 Remote Sensing,Yes
<openpyxl.worksheet.formula.ArrayFormula object at 0xe80bba97f0a0>,Pasha & Dadhwal (2024),Age-Based Stratification to Estimate Aboveground Biomass (AGB) and Carbon Stocks of Rubber Plantations in Tripura,Rubber plantation biomass and carbon stock,Satellite,,1,10.1007/s12524-023-01751-8,<openpyxl.worksheet.formula.ArrayFormula object at 0xe80bba97f100>,India,<openpyxl.worksheet.formula.ArrayFormula object at 0xe80bba97f160>,Non-SEA → review for removal,2.1 Remote Sensing; 3.1 HTP/Phenotyping,Yes
<openpyxl.worksheet.formula.ArrayFormula object at 0xe80bba97f730>,Patocka et al. (2024),Using a weighted Voronoi diagram for forest thinning proposal and skidding trail layouts for teak plantations in Thailand,Forest thinning & skidding trail layouts,Drone,,0,10.19182/bft2024.361.a37219,<openpyxl.worksheet.formula.ArrayFormula object at 0xe80bba97f790>,Thailand,<openpyxl.worksheet.formula.ArrayFormula object at 0xe80bba97f7f0>,SEA,2.1 Remote Sensing,No
<openpyxl.worksheet.formula.ArrayFormula object at 0xe80bba97fdc0>,Patnukao et al. (2024),"Tracing human settlements: analyzing the spatio-temporal distribution of Buddhist temples in Nakhon Si Thammarat, Thailand",Buddhist temple distribution analysis,NA (GIS),,0,10.1007/s10708-024-11056-z,<openpyxl.worksheet.formula.ArrayFormula object at 0xe80bba97fe20>,Thailand,<openpyxl.worksheet.formula.ArrayFormula object at 0xe80bba97fe80>,SEA,General,No
<openpyxl.worksheet.formula.ArrayFormula object at 0xe80bba990490>,Peng et al. (2025),Newly established forests dominated global carbon sequestration change induced by land cover conversions,Carbon sequestration from LCC,Satellite,,0,10.1038/s41467-025-61956-y,<openpyxl.worksheet.formula.ArrayFormula object at 0xe80bba9904f0>,Global,<openpyxl.worksheet.formula.ArrayFormula object at 0xe80bba990550>,Background (keep),2.1 Remote Sensing,Yes
<openpyxl.worksheet.formula.ArrayFormula object at 0xe80bba990b20>,Pengphorm et al. (2024),Optimal-Band Analysis for Chlorophyll Quantification in Rice Leaves Using a Custom Hyperspectral Imaging System,Chlorophyll quantification in rice leaves,Sensors (Hyperspectral),,1,10.3390/plants13020259,<openpyxl.worksheet.formula.ArrayFormula object at 0xe80bba990b80>,Thailand,<openpyxl.worksheet.formula.ArrayFormula object at 0xe80bba990be0>,SEA,2.1 Remote Sensing; 2.2 IoT,Yes
<openpyxl.worksheet.formula.ArrayFormula object at 0xe80bba9911b0>,Penny et al. (2023),"Analysis of potential nature-based solutions for the Mun River Basin, Thailand",Nature-based solutions for river basins,NA (GIS),,0,10.2166/wst.2023.050,<openpyxl.worksheet.formula.ArrayFormula object at 0xe80bba991210>,Thailand,<openpyxl.worksheet.formula.ArrayFormula object at 0xe80bba991270>,SEA,General,No
<openpyxl.worksheet.formula.ArrayFormula object at 0xe80bba991840>,Penny et al. (2023),Using multi criteria decision analysis in a geographical information system framework to assess drought risk,Drought risk assessment,NA (MCDA-GIS),,0,10.1016/j.wroa.2023.100190,<openpyxl.worksheet.formula.ArrayFormula object at 0xe80bba9918a0>,Thailand,<openpyxl.worksheet.formula.ArrayFormula object at 0xe80bba991900>,SEA,General,No
<openpyxl.worksheet.formula.ArrayFormula object at 0xe80bba991ed0>,Permatasari et al. (2024),"Analysis of Impact of the 2021 Eruption of the Semeru Volcano in Lumajang Regency, East Java Province, Indonesia",Volcano eruption impact assessment,Satellite,,0,10.1117/12.3012516,<openpyxl.worksheet.formula.ArrayFormula object at 0xe80bba991f30>,Indonesia,<openpyxl.worksheet.formula.ArrayFormula object at 0xe80bba991f90>,SEA,2.1 Remote Sensing,No
<openpyxl.worksheet.formula.ArrayFormula object at 0xe80bba992560>,Persello et al. (2023),AI4SmallFarms: A Dataset for Crop Field Delineation in Southeast Asian Smallholder Farms,Crop field delineation dataset creation,Satellite,,1,10.1109/LGRS.2023.3323095,<openpyxl.worksheet.formula.ArrayFormula object at 0xe80bba9925c0>,"Vietnam, Cambodia",<openpyxl.worksheet.formula.ArrayFormula object at 0xe80bba992620>,SEA,2.1 Remote Sensing,No
<openpyxl.worksheet.formula.ArrayFormula object at 0xe80bba992bf0>,Peter et al. (2024),Perspectives on modifiable spatiotemporal unit problems in remote sensing of agriculture: evaluating rice production in Vietnam and tools for analysis,Rice production analysis,Satellite,,1,10.3389/frsen.2024.1042624,<openpyxl.worksheet.formula.ArrayFormula object at 0xe80bba992c50>,Vietnam,<openpyxl.worksheet.formula.ArrayFormula object at 0xe80bba992cb0>,SEA,2.1 Remote Sensing,No
<openpyxl.worksheet.formula.ArrayFormula object at 0xe80bba993280>,Phalke et al. (2024),Rice Yield Monitoring Using Satellite Data and AI for Food Security and Sustainable Landscapes in Myanmar,Rice yield monitoring,Satellite,,1,10.1109/IGARSS53475.2024.10642947,<openpyxl.worksheet.formula.ArrayFormula object at 0xe80bba9932e0>,Myanmar,<openpyxl.worksheet.formula.ArrayFormula object at 0xe80bba993340>,SEA,2.1 Remote Sensing,Yes
<openpyxl.worksheet.formula.ArrayFormula object at 0xe80bba993910>,Pham et al. (2024),BANANA REIGNS WILT BASED ON MACHINE LEARNING AND UAV-BASED MULTISPECTRAL IMAGERY,Banana wilt disease monitoring,Drone,ms,1,10.21163/GT_2025.201.22,<openpyxl.worksheet.formula.ArrayFormula object at 0xe80bba993970>,Vietnam,<openpyxl.worksheet.formula.ArrayFormula object at 0xe80bba9939d0>,SEA,"2.1 Remote Sensing, 2.4 AI Models",No
<openpyxl.worksheet.formula.ArrayFormula object at 0xe80bba993fa0>,Pham et al. (2023),Land-Use and Land-Cover Change Detection and Classification to Analyze Dynamics of Dragon Fruit Farming in Sand Dunes Area of Binh Thuan Province of Vietnam,Dragon fruit farming dynamics analysis,Satellite,,1,10.1007/978-3-031-20463-0_26,<openpyxl.worksheet.formula.ArrayFormula object at 0xe80bba9ac040>,Vietnam,<openpyxl.worksheet.formula.ArrayFormula object at 0xe80bba9ac0a0>,SEA,2.1 Remote Sensing; 2.3 Robotics,No
<openpyxl.worksheet.formula.ArrayFormula object at 0xe80bba9ac670>,Pham et al. (2024),Multi-spectral remote sensing and GIS-based analysis for decadal land use land cover changes and future prediction using random forest tree and artificial neural network,LULC change detection & future prediction,Satellite,,0,10.1016/j.asr.2024.03.027,<openpyxl.worksheet.formula.ArrayFormula object at 0xe80bba9ac6d0>,Vietnam,<openpyxl.worksheet.formula.ArrayFormula object at 0xe80bba9ac730>,SEA,"2.1 Remote Sensing, 2.4 AI Models",No
<openpyxl.worksheet.formula.ArrayFormula object at 0xe80bba9acd00>,Phoksawat et al. (2025),Data and Geospatial Information Management Web Application for Enhancing the Competitiveness of Trang Pepper Large Agricultural Plot of Community Enterprise,Trang pepper geospatial information management,"NA (GPS, Web App)",,1,10.18421/TEM141-11,<openpyxl.worksheet.formula.ArrayFormula object at 0xe80bba9acd60>,Thailand,<openpyxl.worksheet.formula.ArrayFormula object at 0xe80bba9acdc0>,SEA,General,No
<openpyxl.worksheet.formula.ArrayFormula object at 0xe80bba9ad390>,Phromsin & Suksawang (2023),"Preparing Urban Agriculture as a Tool for Food Security in a Municipality: A Case Study of the Huay Lan Subdistrict Municipality, Dok Khamtai District, Phayao Province, Thailand",Urban agriculture for food security,NA (GIS),,1,10.3390/su151712681,<openpyxl.worksheet.formula.ArrayFormula object at 0xe80bba9ad3f0>,Thailand,<openpyxl.worksheet.formula.ArrayFormula object at 0xe80bba9ad450>,SEA,Intro/Background,No
<openpyxl.worksheet.formula.ArrayFormula object at 0xe80bba9ada20>,Ponce-Machete & Fajardo (2025),Optimizing Fruit Yield Prediction: Evaluating Multi-Object Tracking Algorithms for Calamansi Fruit Detection Using YOLOv8m,Fruit yield prediction,Images,,1,10.1109/ICCAE64891.2025.10980575,<openpyxl.worksheet.formula.ArrayFormula object at 0xe80bba9ada80>,Philippines,<openpyxl.worksheet.formula.ArrayFormula object at 0xe80bba9adae0>,SEA,General,Yes
<openpyxl.worksheet.formula.ArrayFormula object at 0xe80bba9ae0b0>,Prasertsoong & Puttanapong (2025),An integrated framework for satellite-based flood mapping and socioeconomic risk analysis: A case of Thailand,Flood mapping & socioeconomic risk analysis,Satellite,,0,10.1016/j.pdisas.2024.100393,<openpyxl.worksheet.formula.ArrayFormula object at 0xe80bba9ae110>,Thailand,<openpyxl.worksheet.formula.ArrayFormula object at 0xe80bba9ae170>,SEA,2.1 Remote Sensing,No
<openpyxl.worksheet.formula.ArrayFormula object at 0xe80bba9ae740>,Prasetya et al. (2025),Enhancing soil total nitrogen prediction in rice fields using advanced Geo-AI integration of remote sensing data and environmental covariates,Soil total nitrogen prediction in rice fields,Satellite,,1,10.1016/j.atech.2024.100741,<openpyxl.worksheet.formula.ArrayFormula object at 0xe80bba9ae7a0>,Indonesia,<openpyxl.worksheet.formula.ArrayFormula object at 0xe80bba9ae800>,SEA,2.1 Remote Sensing,No
<openpyxl.worksheet.formula.ArrayFormula object at 0xe80bba9aedd0>,Prasvita et al. (2023),Automatic Detection of Oil Palm Growth Rate Status with YOLOv5,Oil palm growth rate detection,Drone,,1,N/A,<openpyxl.worksheet.formula.ArrayFormula object at 0xe80bba9aee30>,Indonesia,<openpyxl.worksheet.formula.ArrayFormula object at 0xe80bba9aee90>,SEA,"2.1 Remote Sensing, 2.4 AI Models",No
<openpyxl.worksheet.formula.ArrayFormula object at 0xe80bba9af460>,Prempree et al. (2023),Environmental Factors Linked to Reporting of Active Malaria Foci in Thailand,Environmental factors of active malaria foci,Satellite,,0,10.3390/tropicalmed8030179,<openpyxl.worksheet.formula.ArrayFormula object at 0xe80bba9af4c0>,"Thailand, Myanmar",<openpyxl.worksheet.formula.ArrayFormula object at 0xe80bba9af520>,SEA,2.1 Remote Sensing,No
<openpyxl.worksheet.formula.ArrayFormula object at 0xe80bba9afaf0>,Pribadi et al. (2023),Mapping smallholder plantation as a key to sustainable oil palm: A deep learning approach to high-resolution satellite imagery,Smallholder oil palm mapping & tree detection,Satellite,,1,10.1016/j.apgeog.2023.102921,<openpyxl.worksheet.formula.ArrayFormula object at 0xe80bba9afb50>,Indonesia,<openpyxl.worksheet.formula.ArrayFormula object at 0xe80bba9afbb0>,SEA,"2.1 Remote Sensing; 4/5 Practical/Adoption, 2.4 AI Models",Yes
<openpyxl.worksheet.formula.ArrayFormula object at 0xe80bba9cc1c0>,Principe et al. (2023),"ASSESSMENT OF CROPLAND TRANSITION TO SOLAR FARMS AND OTHER LAND USE/COVER USING RS, GIS AND ANN-CA",Cropland transition to solar farms,Satellite,,0,10.5194/isprs-archives-XLVIII-M-1-2023-255-2023,<openpyxl.worksheet.formula.ArrayFormula object at 0xe80bba9cc220>,Philippines,<openpyxl.worksheet.formula.ArrayFormula object at 0xe80bba9cc280>,SEA,2.1 Remote Sensing; 2.3 Robotics,No
<openpyxl.worksheet.formula.ArrayFormula object at 0xe80bba9cc850>,Purwaningsih & Nasution (2024),The Identification of Hornbill Habitat Suitability in Batang Gadis National Park: Geospatial Predictive Modeling,Hornbill habitat suitability modeling,NA (Geospatial Predictive Modeling),,0,10.1117/12.3009666,<openpyxl.worksheet.formula.ArrayFormula object at 0xe80bba9cc8b0>,Indonesia,<openpyxl.worksheet.formula.ArrayFormula object at 0xe80bba9cc910>,SEA,General,No
<openpyxl.worksheet.formula.ArrayFormula object at 0xe80bba9ccee0>,Putra & Wijayanto (2023),Automatic detection and counting of oil palm trees using remote sensing and object-based deep learning,Oil palm tree detection & counting,"Satellite, Drone",,1,10.1016/j.rsase.2022.100914,<openpyxl.worksheet.formula.ArrayFormula object at 0xe80bba9ccf40>,Indonesia,<openpyxl.worksheet.formula.ArrayFormula object at 0xe80bba9ccfa0>,SEA,"2.1 Remote Sensing, 2.4 AI Models",No
<openpyxl.worksheet.formula.ArrayFormula object at 0xe80bba9cd570>,Putra et al. (2025),New Emerging and Comprehensive Land Mapping Unit at Detailed Scale: Integrating Random Forest Analysis and Remote Sensing Techniques for Sustainable Land Management,Land mapping unit development,Satellite,,0,10.20961/carakatani.v40i3.97530,<openpyxl.worksheet.formula.ArrayFormula object at 0xe80bba9cd5d0>,Indonesia,<openpyxl.worksheet.formula.ArrayFormula object at 0xe80bba9cd630>,SEA,"2.1 Remote Sensing, 2.4 AI Models",No
<openpyxl.worksheet.formula.ArrayFormula object at 0xe80bba9cdc00>,Puttinaovarat et al. (2024),Mobile Web Application for Durian Orchard Management and Geospatial Data Visualization Using Deep Learning,Durian orchard management application,Drone,,1,10.18421/TEM133-12,<openpyxl.worksheet.formula.ArrayFormula object at 0xe80bba9cdc60>,Thailand,<openpyxl.worksheet.formula.ArrayFormula object at 0xe80bba9cdcc0>,SEA,"2.1 Remote Sensing, 2.4 AI Models",No
<openpyxl.worksheet.formula.ArrayFormula object at 0xe80bba9ce290>,Puttinaovarat et al. (2024),Oil Palm Bunch Ripeness Classification and Plantation Verification Platform: Leveraging Deep Learning and Geospatial Analysis and Visualization,Oil palm bunch ripeness classification platform,Satellite,,1,10.3390/ijgi13050158,<openpyxl.worksheet.formula.ArrayFormula object at 0xe80bba9ce2f0>,Thailand,<openpyxl.worksheet.formula.ArrayFormula object at 0xe80bba9ce350>,SEA,"2.1 Remote Sensing, 2.4 AI Models",No
<openpyxl.worksheet.formula.ArrayFormula object at 0xe80bba9ce920>,Pyone et al. (2024),"Understanding the transition of community land use from shifting cultivation to cash cropping in southern Tanintharyi, Myanmar",LULC change from shifting cultivation to cash cropping,Satellite,,0,10.1002/pan3.10631,<openpyxl.worksheet.formula.ArrayFormula object at 0xe80bba9ce980>,Myanmar,<openpyxl.worksheet.formula.ArrayFormula object at 0xe80bba9ce9e0>,SEA,2.1 Remote Sensing,No
<openpyxl.worksheet.formula.ArrayFormula object at 0xe80bba9cefb0>,Qaisrani et al. (2025),Evaluating and mapping spatial drought in northeast Thailand: utilizing analytic hierarchy process and random forest algorithms,Spatial drought mapping,NA (Geospatial datasets),,0,10.1080/10106049.2025.2518413,<openpyxl.worksheet.formula.ArrayFormula object at 0xe80bba9cf010>,Thailand,<openpyxl.worksheet.formula.ArrayFormula object at 0xe80bba9cf070>,SEA,General,No
<openpyxl.worksheet.formula.ArrayFormula object at 0xe80bba9cf640>,Quang & Thi (2023),Delineation of rice yield and production in combination of crop model and remote sensing,Rice yield & production delineation,Satellite,,1,10.9755/ejfa.2023.3172,<openpyxl.worksheet.formula.ArrayFormula object at 0xe80bba9cf6a0>,Vietnam,<openpyxl.worksheet.formula.ArrayFormula object at 0xe80bba9cf700>,SEA,2.1 Remote Sensing,Yes
<openpyxl.worksheet.formula.ArrayFormula object at 0xe80bba9cfcd0>,Rachman et al. (2024),"Insights from 30 Years of Land Use/Land Cover Transitions in Jakarta, Indonesia, via Intensity Analysis",LULC transition intensity analysis,Satellite,,0,10.3390/land13040545,<openpyxl.worksheet.formula.ArrayFormula object at 0xe80bba9cfd30>,Indonesia,<openpyxl.worksheet.formula.ArrayFormula object at 0xe80bba9cfd90>,SEA,2.1 Remote Sensing,Yes
<openpyxl.worksheet.formula.ArrayFormula object at 0xe80bba9e83a0>,Rahmi et al. (2025),"Utilization of Multisensor Satellite Data for Developing Spatial Distribution of Methane Emission on Rice Paddy Field in Subang, West Java",Methane emission estimation,Satellite,,0,10.3390/rs17132154,<openpyxl.worksheet.formula.ArrayFormula object at 0xe80bba9e8400>,Indonesia,<openpyxl.worksheet.formula.ArrayFormula object at 0xe80bba9e8460>,SEA,2.1 Remote Sensing,No
<openpyxl.worksheet.formula.ArrayFormula object at 0xe80bba9e8a30>,Rahmi et al. (2025),Spatial modelling of regional drought severity index based on multiple criteria analysis using cloud-based remote sensing data in agriculture land,Regional drought severity index modeling,Satellite,,0,10.1007/s40808-024-02267-x,<openpyxl.worksheet.formula.ArrayFormula object at 0xe80bba9e8a90>,Indonesia,<openpyxl.worksheet.formula.ArrayFormula object at 0xe80bba9e8af0>,SEA,2.1 Remote Sensing,No
<openpyxl.worksheet.formula.ArrayFormula object at 0xe80bba9e90c0>,Rahman et al. (2025),Mapping Boro Rice Cultivation in Bangladesh Using Multi-Temporal MODIS Data and Phenological Approach,Boro rice cultivation mapping,Satellite,,1,10.1007/s41748-025-00586-2,<openpyxl.worksheet.formula.ArrayFormula object at 0xe80bba9e9120>,Bangladesh,<openpyxl.worksheet.formula.ArrayFormula object at 0xe80bba9e9180>,Non-SEA → review for removal,2.1 Remote Sensing,No
<openpyxl.worksheet.formula.ArrayFormula object at 0xe80bba9e9750>,Rahman et al. (2023),"Priority Corridor Zone for Human-Tiger Conflict Mitigation: A Landscape Connectivity Approach in West Sumatra Region, Indonesia",Human-tiger conflict mitigation corridor,"NA (GIS, Spatial Modeling)",,0,10.1016/j.jnc.2023.126501,<openpyxl.worksheet.formula.ArrayFormula object at 0xe80bba9e97b0>,Indonesia,<openpyxl.worksheet.formula.ArrayFormula object at 0xe80bba9e9810>,SEA,General,No
<openpyxl.worksheet.formula.ArrayFormula object at 0xe80bba9e9de0>,Ramachandran et al. (2024),Automatic deforestation driver attribution using deep learning on satellite imagery,Deforestation driver attribution,Satellite,,0,10.1016/j.gloenvcha.2024.102843,<openpyxl.worksheet.formula.ArrayFormula object at 0xe80bba9e9e40>,Indonesia,<openpyxl.worksheet.formula.ArrayFormula object at 0xe80bba9e9ea0>,SEA,"2.1 Remote Sensing, 2.4 AI Models",Yes
<openpyxl.worksheet.formula.ArrayFormula object at 0xe80bba9ea470>,Ramadhani et al. (2024),Mapping of Garlic Fields Using Rules-based Techniques and Remote Sensing with A Limited Dataset,Garlic field mapping,Satellite,,1,10.1117/12.3009195,<openpyxl.worksheet.formula.ArrayFormula object at 0xe80bba9ea4d0>,Indonesia,<openpyxl.worksheet.formula.ArrayFormula object at 0xe80bba9ea530>,SEA,2.1 Remote Sensing,No
<openpyxl.worksheet.formula.ArrayFormula object at 0xe80bba9eab00>,Ramdhani et al. (2023),"Food Crop Land Allocation: Integrating Land Suitability Analysis and Spatial Forestry, Study Case Katingan, Indonesia",Food crop land allocation,NA (GIS),,0,10.7226/jtfm.29.3.187,<openpyxl.worksheet.formula.ArrayFormula object at 0xe80bba9eab60>,Indonesia,<openpyxl.worksheet.formula.ArrayFormula object at 0xe80bba9eabc0>,SEA,General,No
<openpyxl.worksheet.formula.ArrayFormula object at 0xe80bba9eb190>,Ramli et al. (2023),"Temporal changes in Land Use and Land Cover (LULC) and local climate in the Krueng Peusangan Watershed (KPW) area, Aceh, Indonesia",LULC change & local climate impact,Satellite,,0,10.12775/bgss-2023-0010,<openpyxl.worksheet.formula.ArrayFormula object at 0xe80bba9eb1f0>,Indonesia,<openpyxl.worksheet.formula.ArrayFormula object at 0xe80bba9eb250>,SEA,2.1 Remote Sensing,Yes
<openpyxl.worksheet.formula.ArrayFormula object at 0xe80bba9eb820>,Ramli et al. (2024),Weed Management Using UAV and Remote Sensing in Malaysia Paddy Field: A Review,Weed management in paddy fields,Drone,,1,10.47836/pjst.32.3.13,<openpyxl.worksheet.formula.ArrayFormula object at 0xe80bba9eb880>,Malaysia,<openpyxl.worksheet.formula.ArrayFormula object at 0xe80bba9eb8e0>,SEA,2.1 Remote Sensing,Yes
<openpyxl.worksheet.formula.ArrayFormula object at 0xe80bba9ebeb0>,Ramli et al. (2024),Detection of Paddy Plant Diseases Using Google Teachable Machine,Paddy plant disease detection,Drone,,1,10.1007/978-3-031-66965-1_35,<openpyxl.worksheet.formula.ArrayFormula object at 0xe80bba9ebf10>,Malaysia,<openpyxl.worksheet.formula.ArrayFormula object at 0xe80bba9ebf70>,SEA,2.1 Remote Sensing,Yes
<openpyxl.worksheet.formula.ArrayFormula object at 0xe80bbaa08580>,Ramzan et al. (2025),Assessing the Potential Global Distribution of Monolepta spp. (Coleoptera: Chrysomelidae) using the MaxEnt Model,Pest distribution modeling,NA (GIS),,0,10.21162/PAKJAS/25.14,<openpyxl.worksheet.formula.ArrayFormula object at 0xe80bbaa085e0>,Global (focus on Asia),<openpyxl.worksheet.formula.ArrayFormula object at 0xe80bbaa08640>,Background (keep),General,No
<openpyxl.worksheet.formula.ArrayFormula object at 0xe80bbaa08c10>,Reardon et al. (2024),Emerging outsource agricultural services enable farmer adaptation in agrifood value chains: A product cycle perspective,Outsource agricultural services analysis,Drone,,1,10.1016/j.foodpol.2024.102711,<openpyxl.worksheet.formula.ArrayFormula object at 0xe80bbaa08c70>,Global (Multiple),<openpyxl.worksheet.formula.ArrayFormula object at 0xe80bbaa08cd0>,Background (keep),2.1 Remote Sensing,Yes
<openpyxl.worksheet.formula.ArrayFormula object at 0xe80bbaa092a0>,Rendana et al. (2023),Effects of the built-up index and land surface temperature on the mangrove area change along the southern Sumatra coast,Mangrove area change assessment,Satellite,,0,10.1080/21580103.2023.2220576,<openpyxl.worksheet.formula.ArrayFormula object at 0xe80bbaa09300>,Indonesia,<openpyxl.worksheet.formula.ArrayFormula object at 0xe80bbaa09360>,SEA,2.1 Remote Sensing,No
<openpyxl.worksheet.formula.ArrayFormula object at 0xe80bbaa09930>,Rezaldi et al. (2024),UAV-assisted heavy metal tracking in oil palm plantations: present applications and future prospects,Heavy metal tracking in oil palm plantations,Drone,,1,10.1080/2150704X.2023.2299268,<openpyxl.worksheet.formula.ArrayFormula object at 0xe80bbaa09990>,"Indonesia, Malaysia",<openpyxl.worksheet.formula.ArrayFormula object at 0xe80bbaa099f0>,SEA,2.1 Remote Sensing,No
<openpyxl.worksheet.formula.ArrayFormula object at 0xe80bbaa09fc0>,Ridwana et al. (2024),"Evaluation of Machine Learning Models for Mapping Food Crops using Sentinel-2A Imagery in West Java, Indonesia",Food crop mapping,Satellite,,1,10.1051/e3sconf/202460003007,<openpyxl.worksheet.formula.ArrayFormula object at 0xe80bbaa0a020>,Indonesia,<openpyxl.worksheet.formula.ArrayFormula object at 0xe80bbaa0a080>,SEA,"2.1 Remote Sensing, 2.4 AI Models",No
<openpyxl.worksheet.formula.ArrayFormula object at 0xe80bbaa0a650>,Riesnandar et al. (2024),Time Series Pattern of Radar Vegetation Index over Rubber Tree infected by Pestalotiopsis sp. leaf fall disease,Rubber leaf disease monitoring,Satellite,,1,10.1117/12.3009632,<openpyxl.worksheet.formula.ArrayFormula object at 0xe80bbaa0a6b0>,Indonesia,<openpyxl.worksheet.formula.ArrayFormula object at 0xe80bbaa0a710>,SEA,2.1 Remote Sensing,Yes
<openpyxl.worksheet.formula.ArrayFormula object at 0xe80bbaa0ace0>,Rosyidy & Frimawaty (2024),Spatiotemporal analysis of oil palm land clearing,Spatiotemporal analysis of oil palm land clearing,Satellite,,1,10.22034/gjesm.2024.02.25,<openpyxl.worksheet.formula.ArrayFormula object at 0xe80bbaa0ad40>,Indonesia,<openpyxl.worksheet.formula.ArrayFormula object at 0xe80bbaa0ada0>,SEA,2.1 Remote Sensing; 2.2 IoT,No
<openpyxl.worksheet.formula.ArrayFormula object at 0xe80bbaa0b370>,Ruzlan et al. (2024),Weed control efficiency of unmanned aerial vehicle spray in replanting oil palm plantation areas,Weed control in oil palm plantations,Drone,others,1,10.1017/wsc.2024.91,<openpyxl.worksheet.formula.ArrayFormula object at 0xe80bbaa0b3d0>,Malaysia,<openpyxl.worksheet.formula.ArrayFormula object at 0xe80bbaa0b430>,SEA,2.1 Remote Sensing,No
<openpyxl.worksheet.formula.ArrayFormula object at 0xe80bbaa0ba00>,Safari & Malian (2025),Plant disease mapping in paddy growing stages using remotely sensed data,Plant disease mapping in paddy fields,Satellite,,1,10.1007/s12665-024-11991-7,<openpyxl.worksheet.formula.ArrayFormula object at 0xe80bbaa0ba60>,"Iran, Japan",<openpyxl.worksheet.formula.ArrayFormula object at 0xe80bbaa0bac0>,Non-SEA → review for removal,2.1 Remote Sensing,Yes
<openpyxl.worksheet.formula.ArrayFormula object at 0xe80bba8240d0>,Safira et al. (2023),The Hazard of Soil Erosion and Sediment Yield Prediction for Krueng Mane Watershed in Indonesia,Soil erosion & sediment yield prediction,NA (GIS),,0,N/A,<openpyxl.worksheet.formula.ArrayFormula object at 0xe80bba824130>,Indonesia,<openpyxl.worksheet.formula.ArrayFormula object at 0xe80bba824190>,SEA,General,No
<openpyxl.worksheet.formula.ArrayFormula object at 0xe80bba824760>,Sah et al. (2023),Monitoring of three stages of paddy growth using multispectral vegetation index derived from UAV images,Paddy growth monitoring,Drone,ms,1,10.1016/j.ejrs.2023.11.005,<openpyxl.worksheet.formula.ArrayFormula object at 0xe80bba8247c0>,Malaysia,<openpyxl.worksheet.formula.ArrayFormula object at 0xe80bba824820>,SEA,2.1 Remote Sensing,Yes
<openpyxl.worksheet.formula.ArrayFormula object at 0xe80bba824df0>,Sah et al. (2023),Extensive assessment of climate change impacts on coastal zone paddy growth using multispectral analysis and hydrodynamic modeling,Climate change impact on coastal paddy growth,"Drone, Hydrodynamic Modeling",ms,1,10.1016/j.scitotenv.2023.161585,<openpyxl.worksheet.formula.ArrayFormula object at 0xe80bba824e50>,Malaysia,<openpyxl.worksheet.formula.ArrayFormula object at 0xe80bba824eb0>,SEA,2.1 Remote Sensing,Yes
<openpyxl.worksheet.formula.ArrayFormula object at 0xe80bba825480>,Sakamoto et al. (2024),Impacts of refugee influx on the local economy and environmental degradation in Bangladesh: A spatial multilevel autoregressive analysis,Refugee influx impact on economy & environment,Satellite,,0,10.1016/j.worlddev.2024.106729,<openpyxl.worksheet.formula.ArrayFormula object at 0xe80bba8254e0>,Bangladesh,<openpyxl.worksheet.formula.ArrayFormula object at 0xe80bba825540>,Non-SEA → review for removal,2.1 Remote Sensing,No
<openpyxl.worksheet.formula.ArrayFormula object at 0xe80bba825b10>,Sales et al. (2024),"Land Suitability Evaluation of Cocoa (Theobroma cacao L.) Production Areas in Davao City, Philippines",Cocoa production land suitability,NA (GIS),,1,N/A,<openpyxl.worksheet.formula.ArrayFormula object at 0xe80bba825b70>,Philippines,<openpyxl.worksheet.formula.ArrayFormula object at 0xe80bba825bd0>,SEA,General,Yes
<openpyxl.worksheet.formula.ArrayFormula object at 0xe80bba8261a0>,Samiei-Fard et al. (2024),"The Effect of Using a Geopedological Approach in Determining Land Quality Indicators, Land Degradation, and Development (Case Study: Caspian Sea Coast)",Land quality & degradation assessment,Satellite,,0,10.3390/environments11010020,<openpyxl.worksheet.formula.ArrayFormula object at 0xe80bba826200>,Caspian Sea region,<openpyxl.worksheet.formula.ArrayFormula object at 0xe80bba826260>,Non-SEA → review for removal,2.1 Remote Sensing,No
<openpyxl.worksheet.formula.ArrayFormula object at 0xe80bba826830>,San et al. (2024),Policy Evaluation and Monitoring of Agricultural Expansion in Forests in Myanmar: An Integrated Approach of Remote Sensing Techniques and Social Surveys,Agricultural expansion policy evaluation,Satellite,,1,10.3390/land13020150,<openpyxl.worksheet.formula.ArrayFormula object at 0xe80bba826890>,Myanmar,<openpyxl.worksheet.formula.ArrayFormula object at 0xe80bba8268f0>,SEA,2.1 Remote Sensing; Intro/Background,Yes
<openpyxl.worksheet.formula.ArrayFormula object at 0xe80bba826ec0>,Sandevoir et al. (2023),A Connectivity Approach to Agricultural Diffuse Pollution in Tropical Montane Catchments Dominated by Swidden Landscapes,Agricultural diffuse pollution connectivity,Satellite,,1,10.3390/land12040784,<openpyxl.worksheet.formula.ArrayFormula object at 0xe80bba826f20>,Laos,<openpyxl.worksheet.formula.ArrayFormula object at 0xe80bba826f80>,SEA,2.1 Remote Sensing,No
<openpyxl.worksheet.formula.ArrayFormula object at 0xe80bba827550>,Santoro et al. (2025),Spatial analysis of deforestation in Indonesia in the period 1950-2017 and the role of protected areas,Spatial analysis of deforestation,NA (GIS),,0,10.1007/s10531-023-02679-8,<openpyxl.worksheet.formula.ArrayFormula object at 0xe80bba8275b0>,Indonesia,<openpyxl.worksheet.formula.ArrayFormula object at 0xe80bba827610>,SEA,General,No
<openpyxl.worksheet.formula.ArrayFormula object at 0xe80bba827be0>,Sari et al. (2023),MAPPING LAND COVER TIME SERIES USING LANDSAT-8 AND SENTINEL-1 IN SOUTH KALIMANTAN,Land cover time series mapping,Satellite,,0,10.5194/isprs-archives-XLVIII-4-W6-2022-319-2023,<openpyxl.worksheet.formula.ArrayFormula object at 0xe80bba827c40>,Indonesia,<openpyxl.worksheet.formula.ArrayFormula object at 0xe80bba827ca0>,SEA,2.1 Remote Sensing,No
<openpyxl.worksheet.formula.ArrayFormula object at 0xe80bba8442b0>,Sarmiento et al. (2024),"Potential impacts of industrial tree plantationencroachment on tree species diversity andcarbon storage in the riparian zones of AndananWatershed Forest Reserve, Philippines",Tree species diversity & carbon storage,"NA (GIS, RS)",,0,10.3897/oneeco.10.e135722,<openpyxl.worksheet.formula.ArrayFormula object at 0xe80bba844310>,Philippines,<openpyxl.worksheet.formula.ArrayFormula object at 0xe80bba844370>,SEA,General,No
<openpyxl.worksheet.formula.ArrayFormula object at 0xe80bba844940>,Say et al. (2023),Performance Evaluation of Deep Learning Algorithms for Young and Mature Oil Palm Tree Detection,Young & mature oil palm tree detection,Satellite,,1,10.1007/978-981-99-0405-1_17,<openpyxl.worksheet.formula.ArrayFormula object at 0xe80bba8449a0>,Malaysia,<openpyxl.worksheet.formula.ArrayFormula object at 0xe80bba844a00>,SEA,"2.1 Remote Sensing, 2.4 AI Models",No
<openpyxl.worksheet.formula.ArrayFormula object at 0xe80bba844fd0>,Sayseng & Chuang (2025),Integrating Citizen Science and Remote Sensing Data to Identify Key Environmental Factors Influencing H5N1 Avian Influenza Virus Potential Spillover Risk in the Philippines,Avian influenza spillover risk modeling,Satellite,,0,10.1029/2025GH001405,<openpyxl.worksheet.formula.ArrayFormula object at 0xe80bba845030>,Philippines,<openpyxl.worksheet.formula.ArrayFormula object at 0xe80bba845090>,SEA,2.1 Remote Sensing,Yes
<openpyxl.worksheet.formula.ArrayFormula object at 0xe80bba845660>,Sboui et al. (2023),A Machine-Learning-Based Approach to Predict Deforestation Related to Oil Palm: Conceptual Framework and Experimental Evaluation,Deforestation prediction related to oil palm,Satellite,,0,10.3390/app13031772,<openpyxl.worksheet.formula.ArrayFormula object at 0xe80bba8456c0>,Indonesia,<openpyxl.worksheet.formula.ArrayFormula object at 0xe80bba845720>,SEA,2.1 Remote Sensing,No
<openpyxl.worksheet.formula.ArrayFormula object at 0xe80bba845cf0>,Schmidt et al. (2024),"Fire frequency, intensity, and burn severity in Kalimantan's threatened Peatland areas over two Decades",Peatland fire frequency & severity analysis,Satellite,,0,10.3389/ffgc.2024.1221797,<openpyxl.worksheet.formula.ArrayFormula object at 0xe80bba845d50>,Indonesia,<openpyxl.worksheet.formula.ArrayFormula object at 0xe80bba845db0>,SEA,2.1 Remote Sensing,No
<openpyxl.worksheet.formula.ArrayFormula object at 0xe80bba846380>,Seeger et al. (2024),Evaluating flood hazards in data-sparse coastal lowlands: highlighting the Ayeyarwady Delta (Myanmar),Flood hazard evaluation in coastal lowlands,Satellite,,0,10.1088/1748-9326/ad5b07,<openpyxl.worksheet.formula.ArrayFormula object at 0xe80bba8463e0>,Myanmar,<openpyxl.worksheet.formula.ArrayFormula object at 0xe80bba846440>,SEA,2.1 Remote Sensing,No
<openpyxl.worksheet.formula.ArrayFormula object at 0xe80bba846a10>,Seminar et al. (2023),Using Precision Agriculture (PA) Approach to Select Suitable Final Disposal Sites for Energy Generation,Final disposal site selection for energy generation,NA (Precision Agriculture Approach),,0,10.3390/info14010008,<openpyxl.worksheet.formula.ArrayFormula object at 0xe80bba846a70>,Indonesia,<openpyxl.worksheet.formula.ArrayFormula object at 0xe80bba846ad0>,SEA,General,No
<openpyxl.worksheet.formula.ArrayFormula object at 0xe80bba8470a0>,Shen et al. (2025),CCD-Rice: a long-term paddy rice distribution dataset in China at 30 m resolution,Long-term paddy rice distribution dataset,Satellite,,1,10.5194/essd-17-2193-2025,<openpyxl.worksheet.formula.ArrayFormula object at 0xe80bba847100>,China,<openpyxl.worksheet.formula.ArrayFormula object at 0xe80bba847160>,Non-SEA → review for removal,2.1 Remote Sensing,Yes
<openpyxl.worksheet.formula.ArrayFormula object at 0xe80bba847730>,Shimizu et al. (2023),Mapping Land Use/Land Cover Changes and Forest Disturbances in Vietnam Using a Landsat Temporal Segmentation Algorithm,LULCC & forest disturbance mapping,Satellite,,0,10.3390/rs15030851,<openpyxl.worksheet.formula.ArrayFormula object at 0xe80bba847790>,Vietnam,<openpyxl.worksheet.formula.ArrayFormula object at 0xe80bba8477f0>,SEA,2.1 Remote Sensing,No
<openpyxl.worksheet.formula.ArrayFormula object at 0xe80bba847dc0>,Shiraishi et al. (2023),"Carbon dioxide emissions through land use change, fire, and oxidative peat decomposition in Borneo",CO2 emissions from land use change & fire,Satellite,,0,10.1038/s41598-023-40333-z,<openpyxl.worksheet.formula.ArrayFormula object at 0xe80bba847e20>,Borneo,<openpyxl.worksheet.formula.ArrayFormula object at 0xe80bba847e80>,Borderline-SEA → reclassify as SEA,2.1 Remote Sensing,No
<openpyxl.worksheet.formula.ArrayFormula object at 0xe80bba860490>,Sholikah et al. (2025),"Mesolandform classification and its relationship with smallholder coffee production in the Malang Regency, Indonesia",Mesolandform classification for coffee production,Satellite,,1,10.20961/stjssa.v22i1.93461,<openpyxl.worksheet.formula.ArrayFormula object at 0xe80bba8604f0>,Indonesia,<openpyxl.worksheet.formula.ArrayFormula object at 0xe80bba860550>,SEA,2.1 Remote Sensing,Yes
<openpyxl.worksheet.formula.ArrayFormula object at 0xe80bba860b20>,Simarmata et al. (2025),Investigation of mechanical properties and slope restoration potential of landslide sludge reinforced with palm oil plantation,Slope restoration with landslide sludge,NA (GIS),,0,10.1016/j.enggeo.2025.108222,<openpyxl.worksheet.formula.ArrayFormula object at 0xe80bba860b80>,Indonesia,<openpyxl.worksheet.formula.ArrayFormula object at 0xe80bba860be0>,SEA,General,No
<openpyxl.worksheet.formula.ArrayFormula object at 0xe80bba8611b0>,Sin-ampol et al. (2025),Contextualising potential zones for ecosystem-based adaptation in Lower Northern Thailand: A mixed method analysis for water resources management,Ecosystem-based adaptation for water management,"NA (GIS, Climate Modeling)",,0,10.1016/j.jenvman.2025.124515,<openpyxl.worksheet.formula.ArrayFormula object at 0xe80bba861210>,Thailand,<openpyxl.worksheet.formula.ArrayFormula object at 0xe80bba861270>,SEA,General,No
<openpyxl.worksheet.formula.ArrayFormula object at 0xe80bba861840>,Sodikin et al. (2025),"Spatial Analysis of Mangrove Change and Rehabilitation Guidelines in the North Coast Area of West Java Province, Indonesia",Mangrove change & rehabilitation guidelines,Satellite,,0,10.15244/pjoes/191530,<openpyxl.worksheet.formula.ArrayFormula object at 0xe80bba8618a0>,Indonesia,<openpyxl.worksheet.formula.ArrayFormula object at 0xe80bba861900>,SEA,2.1 Remote Sensing,No
<openpyxl.worksheet.formula.ArrayFormula object at 0xe80bba861ed0>,Soler et al. (2024),Combining Deep Learning and Street View Imagery to Map Smallholder Crop Types,Smallholder crop type mapping,"Satellite, Street View Imagery",,1,N/A,<openpyxl.worksheet.formula.ArrayFormula object at 0xe80bba861f30>,Thailand,<openpyxl.worksheet.formula.ArrayFormula object at 0xe80bba861f90>,SEA,"2.1 Remote Sensing; 4/5 Practical/Adoption, 2.4 AI Models",Yes
<openpyxl.worksheet.formula.ArrayFormula object at 0xe80bba862560>,Som-ard et al. (2024),Sugarcane yield estimation in Thailand at multiple scales using the integration of UAV and Sentinel-2 imagery,Sugarcane yield estimation,"Drone, Satellite",rgb,1,10.1007/s11119-024-10124-1,<openpyxl.worksheet.formula.ArrayFormula object at 0xe80bba8625c0>,Thailand,<openpyxl.worksheet.formula.ArrayFormula object at 0xe80bba862620>,SEA,2.1 Remote Sensing,Yes
<openpyxl.worksheet.formula.ArrayFormula object at 0xe80bba862bf0>,Som-ard et al. (2024),Evaluating Sugarcane Yield Estimation in Thailand Using Multi-Temporal Sentinel-2 and Landsat Data Together with Machine-Learning Algorithms,Sugarcane yield estimation,Satellite,,1,10.3390/land13091481,<openpyxl.worksheet.formula.ArrayFormula object at 0xe80bba862c50>,Thailand,<openpyxl.worksheet.formula.ArrayFormula object at 0xe80bba862cb0>,SEA,2.1 Remote Sensing,Yes
<openpyxl.worksheet.formula.ArrayFormula object at 0xe80bba863280>,Son et al. (2023),"Multidecadal evaluation of changes in coffee-growing areas using Landsat data in Central Highlands, Vietnam",Coffee-growing area change evaluation,Satellite,,1,10.1080/10106049.2023.2204099,<openpyxl.worksheet.formula.ArrayFormula object at 0xe80bba8632e0>,Vietnam,<openpyxl.worksheet.formula.ArrayFormula object at 0xe80bba863340>,SEA,2.1 Remote Sensing,No
<openpyxl.worksheet.formula.ArrayFormula object at 0xe80bba863910>,Sourn et al. (2023),"Assessing Land Use and Land Cover (LULC) Change and Factors Affecting Agricultural Land: Case Study in Battambang Province, Cambodia",LULC change & agricultural land factor analysis,Satellite,,0,10.36956/rwae.v4i4.925,<openpyxl.worksheet.formula.ArrayFormula object at 0xe80bba863970>,Cambodia,<openpyxl.worksheet.formula.ArrayFormula object at 0xe80bba8639d0>,SEA,2.1 Remote Sensing,No
<openpyxl.worksheet.formula.ArrayFormula object at 0xe80bba863fa0>,Stas et al. (2023),Implications of tropical cyclones on damage and potential recovery and restoration of logged forests in Vietnam,Tropical cyclone impact on logged forests,Satellite,,0,10.1098/rstb.2021.0081,<openpyxl.worksheet.formula.ArrayFormula object at 0xe80bba87c040>,Vietnam,<openpyxl.worksheet.formula.ArrayFormula object at 0xe80bba87c0a0>,SEA,2.1 Remote Sensing,No
<openpyxl.worksheet.formula.ArrayFormula object at 0xe80bba87c670>,Subong-Espina et al. (2023),The Use of Open Data Kit (ODK) in Characterizing the Cacao Industry Sites in Panay Island,Cacao industry site characterization,"NA (ODK, Geospatial Data)",,1,N/A,<openpyxl.worksheet.formula.ArrayFormula object at 0xe80bba87c6d0>,Philippines,<openpyxl.worksheet.formula.ArrayFormula object at 0xe80bba87c730>,SEA,General,No
<openpyxl.worksheet.formula.ArrayFormula object at 0xe80bba87cd00>,Sudiana et al. (2025),CNN-Random Forest Hybrid Method for Phenology-Based Paddy Rice Mapping Using Sentinel-2 and Landsat-8 Satellite Images,Paddy rice mapping,Satellite,,1,10.3390/computers14080336,<openpyxl.worksheet.formula.ArrayFormula object at 0xe80bba87cd60>,Indonesia,<openpyxl.worksheet.formula.ArrayFormula object at 0xe80bba87cdc0>,SEA,"2.1 Remote Sensing, 2.4 AI Models",No
<openpyxl.worksheet.formula.ArrayFormula object at 0xe80bba87d390>,Suksa-ngiam & Bechor (2024),The impact of applying digital process innovation to farm management on farmer welfare: A multiple case study,Digital innovation impact on farmer welfare,"IoT, NA (GIS decision support system)",,1,10.1177/02666669241258920,<openpyxl.worksheet.formula.ArrayFormula object at 0xe80bba87d3f0>,Thailand,<openpyxl.worksheet.formula.ArrayFormula object at 0xe80bba87d450>,SEA,2.2 IoT; 2.3 Robotics; 4/5 Practical/Adoption,No
<openpyxl.worksheet.formula.ArrayFormula object at 0xe80bba87da20>,Sunantha et al. (2025),Machine learning-based estimation of soil organic carbon in Thailand's cash crops using multispectral and SAR data fusion combined with environmental variables,Soil organic carbon estimation,Satellite,,0,10.1080/10095020.2024.2440608,<openpyxl.worksheet.formula.ArrayFormula object at 0xe80bba87da80>,Thailand,<openpyxl.worksheet.formula.ArrayFormula object at 0xe80bba87dae0>,SEA,"2.1 Remote Sensing, 2.4 AI Models",No
<openpyxl.worksheet.formula.ArrayFormula object at 0xe80bba87e0b0>,Sutiningsih et al. (2024),"Geospatial Analysis of Abiotic and Biotic Conditions Associated with Leptospirosis in the Klaten Regency, Central Java, Indonesia",Leptospirosis environmental factor analysis,NA (Geospatial Analysis),,0,10.3390/tropicalmed9100225,<openpyxl.worksheet.formula.ArrayFormula object at 0xe80bba87e110>,Indonesia,<openpyxl.worksheet.formula.ArrayFormula object at 0xe80bba87e170>,SEA,General,No
<openpyxl.worksheet.formula.ArrayFormula object at 0xe80bba87e740>,Suud & Kusbianto (2024),"Exploring El Nino effects on agricultural area using Landsat images analysis: A case study in Bondowoso Regency, Indonesia",El Nino effects on agricultural area,Satellite,,1,10.20961/stjssa.v21i2.85190,<openpyxl.worksheet.formula.ArrayFormula object at 0xe80bba87e7a0>,Indonesia,<openpyxl.worksheet.formula.ArrayFormula object at 0xe80bba87e800>,SEA,2.1 Remote Sensing,No
<openpyxl.worksheet.formula.ArrayFormula object at 0xe80bba87edd0>,Suvittawat (2024),"Investigating Farmers' Perceptions of Drone Technology in Thailand: Exploring Expectations, Product Quality, Perceived Value, and Adoption in Agriculture",Farmer perceptions of drone technology,Drone,,1,10.3390/agriculture14122183,<openpyxl.worksheet.formula.ArrayFormula object at 0xe80bba87ee30>,Thailand,<openpyxl.worksheet.formula.ArrayFormula object at 0xe80bba87ee90>,SEA,2.1 Remote Sensing; 2.3 Robotics; 4/5 Practical/Adoption,No
<openpyxl.worksheet.formula.ArrayFormula object at 0xe80bba87f460>,Suwanlee et al. (2023),"Monitoring Agricultural Land and Land Cover Change from 2001-2021 of the Chi River Basin, Thailand Using Multi-Temporal Landsat Data Based on Google Earth Engine",Agricultural land and land cover change monitoring,Satellite,,1,10.3390/rs15174339,<openpyxl.worksheet.formula.ArrayFormula object at 0xe80bba87f4c0>,Thailand,<openpyxl.worksheet.formula.ArrayFormula object at 0xe80bba87f520>,SEA,2.1 Remote Sensing,Yes
<openpyxl.worksheet.formula.ArrayFormula object at 0xe80bba87faf0>,Suwanlee et al. (2024),Estimating Sugarcane Aboveground Biomass and Carbon Stock Using the Combined Time Series of Sentinel Data with Machine Learning Algorithms,Sugarcane AGB & carbon stock estimation,Satellite,,1,10.3390/rs16050750,<openpyxl.worksheet.formula.ArrayFormula object at 0xe80bba87fb50>,Thailand,<openpyxl.worksheet.formula.ArrayFormula object at 0xe80bba87fbb0>,SEA,"2.1 Remote Sensing, 2.4 AI Models",Yes
<openpyxl.worksheet.formula.ArrayFormula object at 0xe80bba8a01c0>,Suwanlee et al. (2025),"Integrating PRISMA hyperspectral data with Sentinel-1, Sentinel-2 and Landsat data for mapping crop types and land cover in northeast Thailand",Crop type and land cover mapping,Satellite,,1,10.1016/j.ejrs.2025.04.005,<openpyxl.worksheet.formula.ArrayFormula object at 0xe80bba8a0220>,Thailand,<openpyxl.worksheet.formula.ArrayFormula object at 0xe80bba8a0280>,SEA,2.1 Remote Sensing,Yes
<openpyxl.worksheet.formula.ArrayFormula object at 0xe80bba8a0850>,Suwanlee et al. (2025),Synergistic use of multi-sensor satellite data for mapping crop types and land cover dynamics from 2021 to 2023 in Northeast Thailand,Crop type and land cover mapping,Satellite,,1,10.1016/j.jag.2025.104673,<openpyxl.worksheet.formula.ArrayFormula object at 0xe80bba8a08b0>,Thailand,<openpyxl.worksheet.formula.ArrayFormula object at 0xe80bba8a0910>,SEA,2.1 Remote Sensing,Yes
<openpyxl.worksheet.formula.ArrayFormula object at 0xe80bba8a0ee0>,Suwanprasit & Shahnawaz (2024),Mapping burned areas in Thailand using Sentinel-2 imagery and OBIA techniques,Burned area mapping,Satellite,,0,10.1038/s41598-024-60512-w,<openpyxl.worksheet.formula.ArrayFormula object at 0xe80bba8a0f40>,Thailand,<openpyxl.worksheet.formula.ArrayFormula object at 0xe80bba8a0fa0>,SEA,2.1 Remote Sensing,No
<openpyxl.worksheet.formula.ArrayFormula object at 0xe80bba8a1570>,Swe et al. (2023),"Assessment on land use changes and livelihood transition under the hydropower dam construction in Paunglaung Township, Southern Shan Highlands, Myanmar",Hydropower dam impact on land use & livelihoods,Satellite,,0,10.1002/ldr.4844,<openpyxl.worksheet.formula.ArrayFormula object at 0xe80bba8a15d0>,Myanmar,<openpyxl.worksheet.formula.ArrayFormula object at 0xe80bba8a1630>,SEA,2.1 Remote Sensing,No
<openpyxl.worksheet.formula.ArrayFormula object at 0xe80bba8a1c00>,Syahid et al. (2025),Climate drives variation in remotely sensed palm oil yield in Indonesia and Malaysia,Palm oil yield variation drivers,Satellite,,1,10.1088/1748-9326/adbfac,<openpyxl.worksheet.formula.ArrayFormula object at 0xe80bba8a1c60>,"Indonesia, Malaysia",<openpyxl.worksheet.formula.ArrayFormula object at 0xe80bba8a1cc0>,SEA,2.1 Remote Sensing,No
<openpyxl.worksheet.formula.ArrayFormula object at 0xe80bba8a2290>,Tafese et al. (2025),"From fields to factories: Special economic zones, foreign direct investment, and labour markets in Vietnam",Economic zone impact on labor markets,Satellite,,0,10.1016/j.jdeveco.2025.103467,<openpyxl.worksheet.formula.ArrayFormula object at 0xe80bba8a22f0>,Vietnam,<openpyxl.worksheet.formula.ArrayFormula object at 0xe80bba8a2350>,SEA,2.1 Remote Sensing,No
<openpyxl.worksheet.formula.ArrayFormula object at 0xe80bba8a2920>,Tan et al. (2025),A Comparative Analysis of Different Color Spaces for Paddy Maturity Assessment Using Drone Imagery,Paddy maturity assessment,Drone,rgb,1,10.11113/mjfas.v21n3.3875,<openpyxl.worksheet.formula.ArrayFormula object at 0xe80bba8a2980>,ASEAN Country,<openpyxl.worksheet.formula.ArrayFormula object at 0xe80bba8a29e0>,Borderline-SEA → reclassify as SEA,2.1 Remote Sensing,No
<openpyxl.worksheet.formula.ArrayFormula object at 0xe80bba8a2fb0>,Tan et al. (2024),An Improved NSGA-II for UAV Path Planning,UAV path planning for palm oil industry,Drone,,1,10.1007/978-981-99-8082-6_24,<openpyxl.worksheet.formula.ArrayFormula object at 0xe80bba8a3010>,Malaysia,<openpyxl.worksheet.formula.ArrayFormula object at 0xe80bba8a3070>,SEA,2.1 Remote Sensing,No
<openpyxl.worksheet.formula.ArrayFormula object at 0xe80bba8a3640>,Tang et al. (2025),Research on RBF-PID hybrid drive control models for drone pesticide applications in tropical orchards,Drone pesticide application control,Drone,others,1,10.1080/10095020.2025.2519374,<openpyxl.worksheet.formula.ArrayFormula object at 0xe80bba8a36a0>,Southeast Asia,<openpyxl.worksheet.formula.ArrayFormula object at 0xe80bba8a3700>,SEA,2.1 Remote Sensing,No
<openpyxl.worksheet.formula.ArrayFormula object at 0xe80bba8a3cd0>,Tanguy et al. (2023),Indicator-to-impact links to help improve agricultural drought preparedness in Thailand,Agricultural drought preparedness,Satellite,,1,10.5194/nhess-23-2419-2023,<openpyxl.worksheet.formula.ArrayFormula object at 0xe80bba8a3d30>,Thailand,<openpyxl.worksheet.formula.ArrayFormula object at 0xe80bba8a3d90>,SEA,2.1 Remote Sensing,No
<openpyxl.worksheet.formula.ArrayFormula object at 0xe80bba8c43a0>,Temizel (2023),"Assessment of the water quality using multivariate statistics and the water quality index: a case study of the Yağlıdere Stream (Giresun) in the Eastern Black Sea region, Turkey",Water quality assessment,NA (GIS),,0,10.1007/s10661-023-12118-4,<openpyxl.worksheet.formula.ArrayFormula object at 0xe80bba8c4400>,Turkey,<openpyxl.worksheet.formula.ArrayFormula object at 0xe80bba8c4460>,Non-SEA → review for removal,General,No
<openpyxl.worksheet.formula.ArrayFormula object at 0xe80bba8c4a30>,Teng et al. (2025),Harnessing Traditional Ecological Knowledge for Ecological Security Optimization in Karst Border Regions: A Case Study of Guangxi-Vietnam,Ecological security optimization,Satellite,,0,10.3390/su17072858,<openpyxl.worksheet.formula.ArrayFormula object at 0xe80bba8c4a90>,"China, Vietnam",<openpyxl.worksheet.formula.ArrayFormula object at 0xe80bba8c4af0>,SEA,2.1 Remote Sensing,No
<openpyxl.worksheet.formula.ArrayFormula object at 0xe80bba8c50c0>,Thien & Phuong (2023),"Detection of Land Use and Land Cover Change Using Remote Sensing and GIS in Ba Ria-Vung Tau Province, Vietnam",LULC change detection,Satellite,,0,10.1134/S1875372823040133,<openpyxl.worksheet.formula.ArrayFormula object at 0xe80bba8c5120>,Vietnam,<openpyxl.worksheet.formula.ArrayFormula object at 0xe80bba8c5180>,SEA,2.1 Remote Sensing,Yes
<openpyxl.worksheet.formula.ArrayFormula object at 0xe80bba8c5750>,Thien & Phuong (2024),"Modeling and assessing spatial and temporal changes in recent agricultural land-use in Ben Tre province, Vietnam",Agricultural LULC change modeling,Satellite,,1,10.1007/s12665-024-11682-3,<openpyxl.worksheet.formula.ArrayFormula object at 0xe80bba8c57b0>,Vietnam,<openpyxl.worksheet.formula.ArrayFormula object at 0xe80bba8c5810>,SEA,2.1 Remote Sensing,Yes
<openpyxl.worksheet.formula.ArrayFormula object at 0xe80bba8c5de0>,Thien et al. (2024),"MONITORING LAND USE/LAND COVER CHANGE USING REMOTE SENSING AND GIS TECHNIQUES IN PHU QUOC ISLAND, KIEN GIANG PROVINCE, VIETNAM",LULC change monitoring,Satellite,,0,10.5377/nrc.v37i01.18331,<openpyxl.worksheet.formula.ArrayFormula object at 0xe80bba8c5e40>,Vietnam,<openpyxl.worksheet.formula.ArrayFormula object at 0xe80bba8c5ea0>,SEA,2.1 Remote Sensing,No
<openpyxl.worksheet.formula.ArrayFormula object at 0xe80bba8c6470>,Thien et al. (2023),"Long-term monitoring of forest cover change resulting in forest loss in the capital of Luang Prabang province, Lao PDR",Forest cover change monitoring,Satellite,,0,10.1007/s10661-023-11548-4,<openpyxl.worksheet.formula.ArrayFormula object at 0xe80bba8c64d0>,Laos,<openpyxl.worksheet.formula.ArrayFormula object at 0xe80bba8c6530>,SEA,2.1 Remote Sensing,No
<openpyxl.worksheet.formula.ArrayFormula object at 0xe80bba8c6b00>,Thien et al. (2024),"FOREST COVER DEPLETION AND LAND USE/LAND COVER CHANGE IN BAC KAN PROVINCE, VIETNAM",Forest cover depletion & LULC change,Satellite,,0,10.21138/GF.820,<openpyxl.worksheet.formula.ArrayFormula object at 0xe80bba8c6b60>,Vietnam,<openpyxl.worksheet.formula.ArrayFormula object at 0xe80bba8c6bc0>,SEA,2.1 Remote Sensing,No
<openpyxl.worksheet.formula.ArrayFormula object at 0xe80bba8c7190>,Thien et al. (2023),"Assessment of forest cover and forest loss using satellite images in Thua Thien Hue province, Vietnam",Forest cover & loss assessment,Satellite,,0,10.14712/23361980.2023.13,<openpyxl.worksheet.formula.ArrayFormula object at 0xe80bba8c71f0>,Vietnam,<openpyxl.worksheet.formula.ArrayFormula object at 0xe80bba8c7250>,SEA,2.1 Remote Sensing,No
<openpyxl.worksheet.formula.ArrayFormula object at 0xe80bba8c7820>,Thin et al. (2025),Optimization Method of Wind Turbine Locations in Complex Terrain Areas Using a Combination of Simulation and Analytical Models,Wind turbine location optimization,NA (GIS),,0,10.1109/ACCESS.2025.3584560,<openpyxl.worksheet.formula.ArrayFormula object at 0xe80bba8c7880>,Vietnam,<openpyxl.worksheet.formula.ArrayFormula object at 0xe80bba8c78e0>,SEA,General,No
<openpyxl.worksheet.formula.ArrayFormula object at 0xe80bba8c7eb0>,Tong et al. (2023),"GIS Applications in Land Adaptability Mapping for Perennial Industrial Crops in Nghe An Province, Vietnam",Land adaptability mapping for perennial crops,NA (GIS),,1,10.1007/978-3-031-20463-0_25,<openpyxl.worksheet.formula.ArrayFormula object at 0xe80bba8c7f10>,Vietnam,<openpyxl.worksheet.formula.ArrayFormula object at 0xe80bba8c7f70>,SEA,General,No
<openpyxl.worksheet.formula.ArrayFormula object at 0xe80bba8e0580>,Tran et al. (2023),Bayesian merging of numerical modeling and remote sensing for saltwater intrusion quantification in the Vietnamese Mekong Delta,Saltwater intrusion quantification,Satellite,,0,10.1007/s10661-023-11947-7,<openpyxl.worksheet.formula.ArrayFormula object at 0xe80bba8e05e0>,Vietnam,<openpyxl.worksheet.formula.ArrayFormula object at 0xe80bba8e0640>,SEA,2.1 Remote Sensing,No
<openpyxl.worksheet.formula.ArrayFormula object at 0xe80bba8e0c10>,Tran et al. (2024),Characterising the distribution of mangroves along the southern coast of Vietnam using multi-spectral indices and a deep learning model,Mangrove distribution characterization,Satellite,,0,10.1016/j.scitotenv.2024.171367,<openpyxl.worksheet.formula.ArrayFormula object at 0xe80bba8e0c70>,Vietnam,<openpyxl.worksheet.formula.ArrayFormula object at 0xe80bba8e0cd0>,SEA,"2.1 Remote Sensing, 2.4 AI Models",No
<openpyxl.worksheet.formula.ArrayFormula object at 0xe80bba8e12a0>,Trinh et al. (2024),"Reservoir surface water area variations change research using Sentinel 2 MSI data. A case study in Dak Lak province, Central Highlands (Vietnam)",Reservoir surface water area variation,Satellite,,0,10.24425/agg.2024.150685,<openpyxl.worksheet.formula.ArrayFormula object at 0xe80bba8e1300>,Vietnam,<openpyxl.worksheet.formula.ArrayFormula object at 0xe80bba8e1360>,SEA,2.1 Remote Sensing,No
<openpyxl.worksheet.formula.ArrayFormula object at 0xe80bba8e1930>,Trisasongko et al. (2023),Rural land cover mapping using short-term Sentinel-2 temporal composites and machine learning,Rural land cover mapping,Satellite,,0,10.1117/1.JRS.17.024517,<openpyxl.worksheet.formula.ArrayFormula object at 0xe80bba8e1990>,Indonesia,<openpyxl.worksheet.formula.ArrayFormula object at 0xe80bba8e19f0>,SEA,"2.1 Remote Sensing; 4/5 Practical/Adoption, 2.4 AI Models",No
<openpyxl.worksheet.formula.ArrayFormula object at 0xe80bba8e1fc0>,Tuan (2024),Comparing the process of converting land use purposes between socio-economic regions in Vietnam from 2007 to 2020,Land use conversion comparison,NA (GIS),,0,10.2478/environ-2024-0019,<openpyxl.worksheet.formula.ArrayFormula object at 0xe80bba8e2020>,Vietnam,<openpyxl.worksheet.formula.ArrayFormula object at 0xe80bba8e2080>,SEA,General,No
<openpyxl.worksheet.formula.ArrayFormula object at 0xe80bba8e2650>,Türk & Balçik (2023),Determination of hazelnut cropped areas by random forest algorithm and Sentinel-2 MSI: A case study of Piraziz,Hazelnut area mapping,Satellite,,0,10.29128/geomatik.1127925,<openpyxl.worksheet.formula.ArrayFormula object at 0xe80bba8e26b0>,Turkey,<openpyxl.worksheet.formula.ArrayFormula object at 0xe80bba8e2710>,Non-SEA → review for removal,2.1 Remote Sensing,No
<openpyxl.worksheet.formula.ArrayFormula object at 0xe80bba8e2ce0>,Ueda et al. (2025),Mapping predicted dung beetle diversity in the lowland tropical forests of Borneo by utilizing indices derived from a satellite image,Dung beetle biodiversity mapping,Satellite,,0,10.1080/13416979.2025.2526945,<openpyxl.worksheet.formula.ArrayFormula object at 0xe80bba8e2d40>,Indonesia,<openpyxl.worksheet.formula.ArrayFormula object at 0xe80bba8e2da0>,SEA,2.1 Remote Sensing,No
<openpyxl.worksheet.formula.ArrayFormula object at 0xe80bba8e3370>,Upadhyay et al. (2024),"Satellite-based estimates of declining groundwater storage in the transboundary Cambodia-Mekong River Delta Aquifer of the Lower Mekong region, Southeast Asia",Groundwater storage estimation,Satellite,,0,10.1007/s10040-023-02746-y,<openpyxl.worksheet.formula.ArrayFormula object at 0xe80bba8e33d0>,"Cambodia, Vietnam",<openpyxl.worksheet.formula.ArrayFormula object at 0xe80bba8e3430>,SEA,2.1 Remote Sensing,No
<openpyxl.worksheet.formula.ArrayFormula object at 0xe80bba8e3a00>,Upreti et al. (2025),Maize Yield Suitability Mapping in Two Major Asian Mega-Deltas Using AgERA and CMIP6 Climate Projections in Crop Modeling,Maize yield suitability mapping,NA (Crop Modeling),,1,10.3390/agronomy15040878,<openpyxl.worksheet.formula.ArrayFormula object at 0xe80bba8e3a60>,"India, Bangladesh, Vietnam, Cambodia",<openpyxl.worksheet.formula.ArrayFormula object at 0xe80bba8e3ac0>,SEA,General,No
<openpyxl.worksheet.formula.ArrayFormula object at 0xe80bba8fc0d0>,Valentini et al. (2025),"Multisensor Mapping of Land Use/Land Cover Pattern in Mangrove Ecosystems: A Case Study in Can Gio Biosphere Reserve, Vietnam",LULC mapping in mangrove ecosystems,Satellite,,0,10.1109/JSTARS.2025.3584799,<openpyxl.worksheet.formula.ArrayFormula object at 0xe80bba8fc130>,Vietnam,<openpyxl.worksheet.formula.ArrayFormula object at 0xe80bba8fc190>,SEA,2.1 Remote Sensing,Yes
<openpyxl.worksheet.formula.ArrayFormula object at 0xe80bba8fc760>,Van der Spek & Sonneveld (2024),Analyzing the impact of an MDG-Fund program on childhood malnutrition in Timor-Leste,Childhood malnutrition program impact analysis,NA (GIS),,0,10.1186/s41043-024-00539-x,<openpyxl.worksheet.formula.ArrayFormula object at 0xe80bba8fc7c0>,Timor-Leste,<openpyxl.worksheet.formula.ArrayFormula object at 0xe80bba8fc820>,SEA,General,No
<openpyxl.worksheet.formula.ArrayFormula object at 0xe80bba8fcdf0>,Van Noordwijk et al. (2025),Beyond imperfect maps: Evidence for EUDR-compliant agroforestry,EUDR-compliant agroforestry analysis,Satellite,,0,10.1002/pan3.70088,<openpyxl.worksheet.formula.ArrayFormula object at 0xe80bba8fce50>,Indonesia,<openpyxl.worksheet.formula.ArrayFormula object at 0xe80bba8fceb0>,SEA,2.1 Remote Sensing,No
<openpyxl.worksheet.formula.ArrayFormula object at 0xe80bba8fd480>,Van Pham et al. (2024),"Assessing groundwater potential for mitigating salinity issues in agricultural areas of southern Dong Nai province, Vietnam",Groundwater potential assessment for salinity,Satellite,,0,10.1016/j.gsd.2024.101177,<openpyxl.worksheet.formula.ArrayFormula object at 0xe80bba8fd4e0>,Vietnam,<openpyxl.worksheet.formula.ArrayFormula object at 0xe80bba8fd540>,SEA,2.1 Remote Sensing,No
<openpyxl.worksheet.formula.ArrayFormula object at 0xe80bba8fdb10>,Van Viet & Thuy (2023),"Improving the quality of coffee yield forecasting in Dak Lak Province, Vietnam, through the utilization of remote sensing data",Coffee yield forecasting,Satellite,,1,10.1088/2515-7620/acf6fd,<openpyxl.worksheet.formula.ArrayFormula object at 0xe80bba8fdb70>,Vietnam,<openpyxl.worksheet.formula.ArrayFormula object at 0xe80bba8fdbd0>,SEA,2.1 Remote Sensing,Yes
<openpyxl.worksheet.formula.ArrayFormula object at 0xe80bba8fe1a0>,Veettil et al. (2025),"Coastal environmental changes in Ninh Thuan Province, South-Central Vietnam",Coastal environmental changes assessment,Satellite,,0,10.1371/journal.pone.0313382,<openpyxl.worksheet.formula.ArrayFormula object at 0xe80bba8fe200>,Vietnam,<openpyxl.worksheet.formula.ArrayFormula object at 0xe80bba8fe260>,SEA,2.1 Remote Sensing,No
<openpyxl.worksheet.formula.ArrayFormula object at 0xe80bba8fe830>,Vergara et al. (2024),"Mapping and Assessment of Burned Areas in Palawan, Philippines using SAR Burned and Vegetation Indices",Mapping burned areas,Satellite,,0,10.1117/12.3009673,<openpyxl.worksheet.formula.ArrayFormula object at 0xe80bba8fe890>,Philippines,<openpyxl.worksheet.formula.ArrayFormula object at 0xe80bba8fe8f0>,SEA,2.1 Remote Sensing,No
<openpyxl.worksheet.formula.ArrayFormula object at 0xe80bba8feec0>,Veridiano-de Castro et al. (2024),"Applying geomatic analyses using landsat imagery: implications for ecosystem management in Occidental Mindoro, the Philippines",LULCC geomatic analysis,Satellite,,0,10.1007/s10708-024-11215-2,<openpyxl.worksheet.formula.ArrayFormula object at 0xe80bba8fef20>,Philippines,<openpyxl.worksheet.formula.ArrayFormula object at 0xe80bba8fef80>,SEA,2.1 Remote Sensing,No
Aslan MF et al.,Aslan et al. (2024),AI Techniques in Crop Yield Estimation Based on Sentinel-2: A Survey,Crop yield estimation (review),Satellite; ML/DL,,1,10.3390/su16188277,Review of AI techniques for crop yield using Sentinel-2 data.,Global,,Background (keep),2.1 Remote Sensing; Intro/Background,Yes
Azlan A et al.,Azlan et al. (2024),Evidence of the potential benefits of digital technology integration in Asian agronomy and forestry: A systematic review,Digital agriculture review,NA (Review),,1,https://doi.org/10.1016/j.agsy.2024.103947,Review of digital agriculture trends across SEA countries.,Southeast Asia,,SEA,Intro/Background,Yes
Calvo-Baltanas V et al.,Calvo et al. (2025),The future potential of controlled environment agriculture,Controlled environment agriculture futures,NA (Review),,1,10.1093/pnasnexus/pgaf078,Review of future potential of controlled environment agriculture.,Global,,Background (keep),3.2 Controlled Env; Intro/Background,Yes
Chandra R et al.,Chandra et al. (2022),Open-source AI and digital tools for smallholder agriculture,Open-source AI tools for smallholders,NA (Review),,1,,Overview of open-source ecosystems for affordable AI in agriculture.,Global,,Background (keep),4/5 Practical/Adoption; Intro/Background,Yes
Chen J et al.,Chen et al. (2022),"AI applications in soil, water, pest and yield management",AI for soil/water/pest/yield,ML/DL,,1,,"AI integration with remote sensing, robotics, IoT for farm management.",Global,,Background (keep),2.1 Remote Sensing; 2.2 IoT; 2.3 Robotics,Yes
Choruma DJ et al.,Choruma et al. (2024),Digital technologies for smallholder farmers in sub-Saharan Africa,Smallholder digital tech adoption,NA (Review),,1,,Review of digital technology adoption by smallholders in developing regions.,Global (Multiple),,Background (keep),4/5 Practical/Adoption; Intro/Background,Yes
Cudjoe DK et al.,Cudjoe et al. (2023),Field phenotyping for African crops: overview and perspectives,HTP for developing-country crops,NA (Review),,1,10.3389/fpls.2023.1219673,Overview of field phenotyping challenges in developing countries.,Kenya,,Non-SEA → review for removal,3.1 HTP/Phenotyping; Intro/Background,Yes
Dibbern T et al.,Dibbern et al. (2024),Digital agriculture in developing countries: barriers and opportunities,Digital agriculture barriers,NA (Review),,1,,Analysis of barriers to digital agriculture in developing regions.,Global,,Background (keep),Intro/Background,Yes
Haloui I et al.,Haloui et al. (2025),Barriers to AI adoption in smallholder farming systems,Barriers to AI adoption,NA (Review),,1,,"Study of barriers including connectivity, cost, digital skills in SEA/Africa.",Global,,Background (keep),4/5 Practical/Adoption; Intro/Background,Yes
Hoyos-Villegas V et al.,Hoyos-Villegas et al. (2025),Affordable phenomics: Expanding access to enhancing genetic gain in plant breeding,Open-source phenotyping platforms,NA (Review),,1,https://doi.org/10.1002/ppj2.70034,Review of open-source tools enabling affordable AI deployment.,Global,,Background (keep),3.1 HTP/Phenotyping; 4/5 Practical/Adoption; Intro/Background,Yes
Hu Q et al.,Hu et al. (2024),AI-enabled early pest and disease detection in precision agriculture,Pest/disease detection with AI,ML/DL; Drone; Satellite,,1,,"AI methods for pest detection, disease management, yield prediction.",Global,,Background (keep),2.1 Remote Sensing,Yes
Huynh HX et al.,Huynh et al. (2023),Smart greenhouse construction and irrigation control for Brassica,Smart greenhouse IoT system,Sensors; IoT,,1,10.1371/journal.pone.0292971,IoT-based smart greenhouse for optimal vegetable crop development.,Vietnam,,SEA,2.2 IoT; 3.2 Controlled Env,Yes
IPCC,Intergovernmental Panel on Climate Change (2023),AR6 Synthesis Report: Climate Change 2023,Climate change impacts on agriculture,NA (Report),,1,,"Sixth Assessment Report on climate change, food security impacts.",Global,,Background (keep),Intro/Background,Yes
Joochim O et al.,Joochim et al. (2023),Automated Greenhouse for Plant Phenotyping Using Image Processing,Automated greenhouse phenotyping,Sensors; IoT; Imaging,,1,https://doi.org/10.1145/3625343.3625352,Automated greenhouse system for plant phenotyping in Thailand.,Thailand,,SEA,2.2 IoT; 2.3 Robotics; 3.1 HTP/Phenotyping; 3.2 Controlled Env,Yes
Kearney J & EDBS,Kearney (2020),Singapore's digital agriculture strategy and smart farming investments,Digital agriculture policy SEA,NA (Policy),,1,,Singapore digital agriculture policy and technology investment framework.,Singapore,,SEA,Intro/Background,Yes
Kim JY,Kim (2020),Roadmap to High Throughput Phenotyping for Plant Breeding,HTP roadmap for breeding,NA (Review),,1,10.1007/s42853-020-00043-0,Roadmap for adopting HTP in plant breeding programs.,Global,,Background (keep),3.1 HTP/Phenotyping; Intro/Background,Yes
Kim M et al.,Kim et al. (2021),High-Throughput Phenotyping for Breeding Drought-Tolerant Crops,HTP for drought tolerance,NA (Review),,1,10.3390/ijms22158266,Review of HTP methods for identifying drought tolerance in breeding.,Global,,Background (keep),3.1 HTP/Phenotyping; Intro/Background,Yes
Krishner Macayana YL et al.,Krishner Macayana et al. (2023),IoT-based indoor smart hydroponics farm monitoring system,Smart hydroponic IoT monitoring,Sensors; IoT,,1,10.11591/ijece.v13i2.pp2326-2339,IoT monitoring system for indoor hydroponics in Philippines.,Philippines,,SEA,2.2 IoT; 3.2 Controlled Env,Yes
Lim CJ et al.,Lim et al. (2024),Laser-induced breakdown spectroscopy for nutrient monitoring in hydroponics,Nutrient monitoring in hydroponics,Sensors (Proximal),,1,https://doi.org/10.1186/s40538-024-00641-6,Precise nutrient monitoring using spectroscopy in Singapore indoor farms.,Singapore,,SEA,2.2 IoT; 2.3 Robotics; 3.2 Controlled Env,Yes
Manzoor S et al.,Manzoor et al. (2025),Digital agriculture adoption barriers in Southeast Asia,Digital ag adoption barriers in SEA,NA (Review),,1,,"Regional analysis of infrastructure, policy, and capacity barriers in SEA.",Southeast Asia,,SEA,4/5 Practical/Adoption; Intro/Background,Yes
Mas FAR et al.,Mas et al. (2022),Smart Greenhouse Monitoring IoT for Orchid Plants,Smart greenhouse IoT for orchids,Sensors; IoT,,1,10.23960/jemit.v3i3.111,IoT-based greenhouse monitoring for orchid cultivation in Indonesia.,Indonesia,,SEA,2.2 IoT; 3.2 Controlled Env,Yes
Minh Khanh L et al.,Minh Khanh et al. (2024),UAV hyperspectral image acquisition for rice nutrient estimation,UAV hyperspectral rice nutrient,Drone; Sensors (Hyperspectral),,1,10.15625/2615-9783/21306,UAV hyperspectral imaging for nutrient estimation in Vietnamese rice.,Vietnam,,SEA,2.1 Remote Sensing; 2.2 IoT,Yes
Omotayo AO et al.,Omotayo et al. (2025),Capacity building for AI adoption in smallholder farming,Capacity building for AI in agriculture,NA (Review),,1,,"Training, extension, and knowledge-transfer approaches for AI adoption.",Global,,Background (keep),4/5 Practical/Adoption; Intro/Background,Yes
Raj M & Prahadeeswaran M,Raj (2025),Revolutionizing agriculture: review of smart farming technologies,Smart farming technologies review,NA (Review),,1,10.1007/s42452-025-07561-6,Review of smart farming technologies for sustainable future.,Global,,Background (keep),2.2 IoT; 2.3 Robotics; Intro/Background,Yes
Rijswijk K et al.,Rijswijk et al. (2021),Digital technologies for smallholder farmers: global overview,Digital tech for smallholders,NA (Review),,1,,Overview of digital tools used by smallholder farmers globally.,Global (Multiple),,Background (keep),2.3 Robotics; 4/5 Practical/Adoption; Intro/Background,Yes
Ryan SF,Ryan (2023),Capacity building and policy support for AI in developing countries,AI capacity building policy,NA (Review),,1,,Policy frameworks and training for sustainable AI adoption.,Global,,Background (keep),4/5 Practical/Adoption; Intro/Background,Yes
Sadikin NANB et al.,Sadikin et al. (2023),Smart Rooftop Farming Using IoT and Mobile App in Brunei,Smart rooftop farm IoT,Sensors; IoT,,1,https://doi.org/10.1109/IICAIET59451.2023.10291903,IoT-enabled smart rooftop farming system in Brunei.,Brunei,,SEA,2.2 IoT; 2.3 Robotics; 3.2 Controlled Env,Yes
Sah P et al.,Sah et al. (2023a),Paddy field mapping for food security in Mekong region,Paddy field mapping for food security,Satellite,,1,,Satellite-based paddy field mapping supporting food security planning.,Vietnam,,SEA,2.1 Remote Sensing; Intro/Background,Yes
Sah P et al.,Sah et al. (2023b),Rice paddy mapping under sea level rise threat,Paddy mapping under sea level rise,Satellite,,1,,Remote sensing for rice paddy mapping under climate-driven sea level rise.,Vietnam,,SEA,2.1 Remote Sensing,Yes
Sangjan W et al.,Sangjan et al. (2025),AI and sensor integration for crop monitoring in the Pacific Northwest,AI-sensor integration for crop monitoring,Sensors; ML/DL; Drone,,1,,Integration of AI and sensors for precision agriculture monitoring (Worasit's paper).,United States,,Check manually,2.1 Remote Sensing; 2.2 IoT,Yes
Shamshiri RR et al.,Shamshiri et al. (2024),AI and robotics in greenhouse and controlled environment agriculture,AI robotics in controlled environments,NA (Review),,1,,Review of AI and robotic systems for greenhouse and controlled environment agriculture.,Global,,Background (keep),2.3 Robotics; 3.2 Controlled Env; Intro/Background,Yes
Som-ard J et al.,Som-ard et al. (2018),Pre-harvest Sugarcane Yield Estimation Using UAV RGB Images,Sugarcane yield estimation UAV,Drone,,1,10.1007/s12355-018-0601-7,UAV-based RGB imaging for pre-harvest sugarcane yield estimation in Thailand.,Thailand,,SEA,2.1 Remote Sensing; 2.3 Robotics,Yes
Thamoonlest T et al.,Thamoonlest et al. (2025),UAV and ML for sugarcane gap detection and yield estimation in Thailand,Sugarcane gap detection and yield,Drone; ML/DL,,1,,UAV sensing and machine learning for sugarcane management in Thailand.,Thailand,,SEA,2.1 Remote Sensing; 2.4 AI Models,Yes
Theerawitaya C et al.,Theerawitaya et al. (2022),Combining HTP with growth measurements of indica rice cultivars,HTP for indica rice growth,Drone; Sensors,,1,10.34044/j.anres.2022.56.4.06,High-throughput phenotyping across whole life cycle of indica rice in Thailand.,Thailand,,SEA,2.1 Remote Sensing; 2.2 IoT; 3.1 HTP/Phenotyping,Yes
Thummarat Boonrod,Thummarat Boonrod (2024),Prototype Smart Farming System for Greenhouse using IoT,Smart farming greenhouse IoT prototype,Sensors; IoT,,1,10.14456/MIJET.2024.8,IoT-based smart farming prototype installed in a Thai greenhouse.,Thailand,,SEA,2.2 IoT; 2.3 Robotics; 3.2 Controlled Env,Yes
Thwe PP et al.,Thwe et al. (2019),GSM based automatic greenhouse controlled system,Automatic greenhouse control GSM,Sensors; IoT,,1,,GSM-based automated greenhouse control system in Myanmar.,Myanmar,,SEA,2.2 IoT; 2.3 Robotics; 3.2 Controlled Env,Yes
United Nations,United Nations (2024),World Population Prospects 2024,Global population projections,NA (Report),,1,,UN projection of world population reaching 9.7 billion by 2050.,Global,,Background (keep),Intro/Background,Yes
Yost RS et al.,Yost (2019),Reaching environmental and economic limits of conventional production,Limits of conventional production systems,NA (Review),,1,,Analysis of environmental and economic constraints on conventional farming.,Global,,Background (keep),2.3 Robotics; Intro/Background,Yes
Zhang Y,Zhang (2023),AI and machine learning in modern agriculture: review,AI/ML in agriculture review,NA (Review),,1,,Comprehensive review of AI and ML roles in modern agricultural systems.,Global,,Background (keep),Intro/Background,Yes
"Zhang, S",Zhang et al. (2025),Large-scale single tree information extraction of oil palm in Malaysia based on sub-meter visible light satellite images,Large-scale single tree information extraction of oil palm i,Satellite,,1,10.1016/j.compag.2025.110796,"The distribution of specific tree species and single tree information can scale down the research scale of geography and ecology, bridging research from regional to local scales. However, accurately extracting the spatial distribution and single tree information for a tree species regionally has alw",Malaysia,,SEA,2.1 Remote Sensing; 3.1 HTP/Phenotyping; Intro/Background,No
"Yuferev, VG",Yuferev et al. (2024),Geoinformation Monitoring of the Condition of Rice Fields in An Giang Province (Vietnam) according to Multispectral ERS Data and Field Spectroradiometering,Geoinformation Monitoring of the Condition of Rice Fields in,Satellite,,1,10.1134/S0001433825700185,"The spatial distribution of areas of territory used for agricultural work is of great importance for developing measures for managing territories and planning the rational use of land and water resources. As a result of the high development of land and its use for agricultural production, the timely",Vietnam,,SEA,2.1 Remote Sensing; 2.3 Robotics; Intro/Background,No
"Wiarta, R",Wiarta et al. (2025),"Assessing of driving factors and change detection of mangrove forest in Kubu Raya District, Indonesia",Assessing of driving factors and change detection of mangrov,Satellite,,1,10.3389/ffgc.2025.1511361,"Land cover change information is needed to support decision-making in land-based natural resource management, especially in coastal areas and mangrove ecosystems. This study aims to assess the drivers and detect mangrove forest cover change over the last 30 years in Kubu Raya District, Indonesia, us",Indonesia,,SEA,2.1 Remote Sensing,No
"Win, KS",Win et al. (2024),The Change Detection of Mangrove Forests Using Deep Learning with Medium-Resolution Satellite Imagery: A Case Study of Wunbaik Mangrove Forest in Myanmar,The Change Detection of Mangrove Forests Using Deep Learning,Satellite; ML/DL,,1,10.3390/rs16214077,"This paper presents the development of a U-Net model using four basic optical bands and SRTM data to analyze changes in mangrove forests from 1990 to 2024, with an emphasis on the impact of restoration programs. The model, which employed supervised learning for binary classification by fusing multi-",Myanmar,,SEA,2.1 Remote Sensing; 2.4 AI Models; Intro/Background,No
"Pham, VT",Pham et al. (2024),"Classifying forest cover and mapping forest fire susceptibility in Dak Nong province, Vietnam utilizing remote sensing and machine learning",Classifying forest cover and mapping forest fire susceptibil,Drone,,1,10.1016/j.ecoinf.2023.102392,"Forest fires can cause significant harm to the biodiversity, air quality, economy, and industries that depend on forests, which is particularly critical given the current climate change scenario. Therefore, it is crucial to predict potential fire risks, especially in Dak Nong, a province located in ",Vietnam,,SEA,2.1 Remote Sensing; 2.3 Robotics; 2.4 AI Models; Intro/Background,No
"Asmiwyati, IGAAR",Asmiwyati et al. (2025),"ANALYSIS OF URBAN GREEN OPEN SPACE DEVELOPMENT IN NORTH DENPASAR DISTRICT, DENPASAR CITY, BALI, INDONESIA",ANALYSIS OF URBAN GREEN OPEN SPACE DEVELOPMENT IN NORTH DENP,Satellite,,1,10.21163/GT_2025.201.07,"Denpasar City is the capital of Bali Province, Indonesia and requires the provision of high public infrastructure. The high conversion of functions that has occurred, until now has not been balanced with information on the potential of green open space and the allocation of new public RTH. The metho",Indonesia,,SEA,2.1 Remote Sensing; Intro/Background,No
"Wang, Y",Wang et al. (2023),Spatiotemporal characteristics and the national variations of borderland use change in Laos within the geopolinomical context,Spatiotemporal characteristics and the national variations o,Sensors; IoT,,1,10.3389/ffgc.2023.1223605,"Laos, the only landlocked country in Mainland Southeast Asia (MSEA), has established over 40 geopolinomical mechanisms with its neighboring countries (including China, Vietnam, Cambodia, Thailand, and Myanmar), leading to significant land-use change (LUC) in the border areas. However, the spatial ch",Vietnam,,SEA,2.2 IoT,No
"Zhang, JY",Zhang et al. (2023),Mapping of land-based aquaculture regions in Southeast Asia and its Spatiotemporal change from 1990 to 2020 using time-series remote sensing data,Mapping of land-based aquaculture regions in Southeast Asia ,Sensors; IoT,,1,10.1016/j.jag.2023.103518,"Aquaculture, a crucial component of global food production, faces sustainability challenges due to increased competition for natural resources, environmental pollution, and subpar management practices. Understanding spatial-temporal changes in aquaculture distribution can offer insights into guiding",Indonesia,,SEA,2.1 Remote Sensing; 2.2 IoT; 2.3 Robotics; 3.1 HTP/Phenotyping; Intro/Background,No
"Nurdin, N",Nurdin et al. (2023),Precision Aquaculture Drone Mapping of the Spatial Distribution of Kappaphycus alvarezii Biomass and Carrageenan,Precision Aquaculture Drone Mapping of the Spatial Distribut,Drone,,1,10.3390/rs15143674,"The aquaculture of Kappaphycus alvarezii (Kappaphycus hereafter) seaweed has rapidly expanded among coastal communities in Indonesia due to its relatively simple farming process, low capital costs and short production cycles. This species is mainly cultivated for its carrageenan content used as a ge",Indonesia,,SEA,2.1 Remote Sensing; 2.3 Robotics; 2.4 AI Models,No
"Yewle, AD",Yewle et al. (2025),Multi-modal data fusion and deep ensemble learning for accurate crop yield prediction,Multi-modal data fusion and deep ensemble learning for accur,Satellite,,1,10.1016/j.rsase.2025.101613,"This study introduces RicEns-Net, a novel deep ensemble model for rice yield prediction in the Mekong Delta region of Vietnam, integrating diverse data sources through multi-modal data fusion. The model leverages synthetic aperture radar (SAR), optical remote sensing (Sentinel-1/2/3) and meteorologi",Vietnam,,SEA,2.1 Remote Sensing; 2.4 AI Models; Intro/Background,No
"Chen, DL",Chen et al. (2024),A method for fast detection of wind farms from remote sensing images using deep learning and geospatial analysis,A method for fast detection of wind farms from remote sensin,Satellite; ML/DL,,1,10.1515/geo-2022-0645,"The wind power industry is increasing worldwide every year. Thus, obtaining timely and detailed information on wind farms' number and spatial distribution is critical for quantitatively estimating wind energy utilization and for planning the construction of new wind farms. Therefore, this study prop",Vietnam,,SEA,2.1 Remote Sensing; 2.3 Robotics; 2.4 AI Models; Intro/Background,No
"Wijayanto, AK",Wijayanto et al. (2024),Textural features for BLB disease damage assessment in paddy fields using drone data and machine learning: Enhancing disease detection accuracy,Textural features for BLB disease damage assessment in paddy,Drone,,1,10.1016/j.atech.2024.100498,"Detecting Bacterial Leaf Blight (BLB) in paddy fields is a critical challenge in Indonesia, where the disease poses a significant threat to rice production by reducing the photosynthetic ability and ultimately compromising plant productivity. This study explored the effectiveness of using drone-acqu",Indonesia,,SEA,2.1 Remote Sensing; 2.4 AI Models; Intro/Background,No
"Virtriana, R",Virtriana et al. (2025),"Effects of extreme climate on agriculture in paddy field area in West Java Province (Indonesia) using multitemporal scenarios, GIS, and remote sensing",Effects of extreme climate on agriculture in paddy field are,Satellite,,1,10.1080/19475705.2025.2455487,One of the factors of decreased productivity of rice fields is the agricultural hazards that occur in Indonesia due to climate and weather changes. One way to reduce the impact is by providing a need for information on areas affected by agricultural hazards so that it can be used for decision making,Indonesia,,SEA,2.1 Remote Sensing; Intro/Background,No
"Yue, ZL",Yue et al. (2025),A meta-review of remote sensing for rubber plantations,A meta-review of remote sensing for rubber plantations,Satellite; ML/DL,,1,10.1016/j.jag.2025.104625,"The rapid expansion of rubber plantations has led to significant ecological impacts, including deforestation and reduced carbon storage capacity, such as rubber-induced 4.1 million ha of forest loss in Southeast Asia (SEA). Remote sensing, essential for monitoring rubber expansion and supporting ini",Southeast Asia,,SEA,2.1 Remote Sensing; 2.4 AI Models; Intro/Background,No
"Khiem, NM",Khiem et al. (2023),"Use of GIS and machine learning to pre- dict disease in shrimp farmed on the east coast of the Mekong Delta, Vietnam",Use of GIS and machine learning to pre- dict disease in shri,Satellite,,1,,,Vietnam,,SEA,"2.1 Remote Sensing, 2.4 AI Models",No
"Zhai, JH",Zhai et al. (2023),Are there suitable global datasets for monitoring of land use and land cover in the tropics? Evidences from mainland Southeast Asia,Are there suitable global datasets for monitoring of land us,Satellite,,1,10.1016/j.gloplacha.2023.104233,"The freely available Land Use and Land Cover (LULC) datasets are effective tool for tracking land surface changes, ecosystem dynamics, and carbon cycle. However, the issue of the uncertainly, applicability, and limitations of LULC data products is always a challenge and varies distinctively worldwid",Vietnam,,SEA,2.1 Remote Sensing; Intro/Background,No
"Zhorif, NN",Zhorif et al. (2024),Implementation of Slicing Aided Hyper Inference (SAHI) in YOLOv8 to Counting Oil Palm Trees Using High-Resolution Aerial Imagery Data,Implementation of Slicing Aided Hyper Inference (SAHI) in YO,Drone; ML/DL,,1,,"Palm oil is a commodity that contributes significantly to Indonesia's national economic growth, with a total plantation area of 116,000 hectares. By 2023, Indonesia is projected to produce approximately 47 million metric tons of palm oil. One of the major challenges in the manual counting of oil pal",Indonesia,,SEA,2.1 Remote Sensing; 2.4 AI Models; Intro/Background,No
"Lumabao, JPD",Lumabao et al. (2024),An antimicrobial resistance gene situationer in the backyard swine industry of a Philippine City,An antimicrobial resistance gene situationer in the backyard,Satellite,,1,10.1038/s41598-024-77124-z,"Antimicrobial resistance (AMR) as a result of antimicrobial overuse and misuse in agriculture is a growing concern, especially in the predominant but poorly regulated backyard or smallholder swine farms of the Philippines. A city-scale surveillance of antimicrobial resistance genes (ARGs) was conduc",Philippines,,SEA,2.1 Remote Sensing; 2.3 Robotics; 4/5 Practical/Adoption,No
"Xiong, JP",Xiong et al. (2025),Asymmetry between ecosystem health and ecological quality from an Earth observation perspective,Asymmetry between ecosystem health and ecological quality fr,Satellite,,1,10.1038/s41598-025-94717-4,"Ecological quality (EQ) and ecosystem health (EH) are closely related. Previous studies haven't addressed their spatial relationships fully; therefore, whether there is spatial consistency between the two remains unclear. In this study, the EQ and EH of the Mekong River Basin (MRB), located in South",Southeast Asia,,SEA,2.1 Remote Sensing,No
"Yoh, N",Yoh et al. (2023),Benign effects of logging on aerial insectivorous bats in Southeast Asia revealed by remote sensing technologies,Benign effects of logging on aerial insectivorous bats in So,Satellite,,1,10.1111/1365-2664.14398,"1.Logging is the most widespread disturbance in tropical forests, altering ecological communities and functions. However, many species can persist in logged forests, particularly where disturbance is low. Despite a growing understanding of how logging affects wildlife, there remains little informati",Southeast Asia,,SEA,2.1 Remote Sensing; 2.3 Robotics; 3.1 HTP/Phenotyping; Intro/Background,No
"Viet, LV",Viet et al. (2024),"Drought sensitivity analysis of meteorological and vegetation indices in Dak Nong, Vietnam",Drought sensitivity analysis of meteorological and vegetatio,Satellite,,1,10.2166/wcc.2024.661,"Drought poses an increasing threat to agricultural sustainability in Dak Nong, Vietnam. This study investigates the sensitivity of meteorological and vegetation indices (VIs) to drought conditions in the region. We analyzed 23 years (2000-2022) of data from 11 meteorological stations and remote sens",Vietnam,,SEA,2.1 Remote Sensing; 2.3 Robotics; 4/5 Practical/Adoption,No
"Xiao, CW",Xiao et al. (2024),Impact of cross-border transportation corridors on changes of land use and landscape pattern: A case study of the China-Laos railway,Impact of cross-border transportation corridors on changes o,Satellite,,1,10.1016/j.landurbplan.2023.104924,"Regional integration initiatives have triggered impacts on land use changes (LUC) and landscape patterns through geo-economic cooperation like cross-border infrastructure, which are often presented, but comprehensive studies on the extent and degree remains insufficient. The China-Laos Railway (CLR)",Laos,,SEA,2.1 Remote Sensing,No
"Wang, YX",Wang et al. (2023),High-resolution maps show that rubber causes substantial deforestation,High-resolution maps show that rubber causes substantial def,Satellite,,1,10.1038/s41586-023-06642-z,"Understanding the effects of cash crop expansion on natural forest is of fundamental importance. However, for most crops there are no remotely sensed global maps, and global deforestation impacts are estimated using models and extrapolations. Natural rubber is an example of a principal commodity for",Southeast Asia,,SEA,2.1 Remote Sensing; Intro/Background,No
"Worachairungreung, M",Worachairungreung et al. (2023),A STUDY ON OIL PALM CLASSIFICATION FOR RANONG PROVINCE USING DATA FUSION AND MACHINE LEARNING ALGORITHMS,A STUDY ON OIL PALM CLASSIFICATION FOR RANONG PROVINCE USING,Satellite,,1,10.21163/GT_2023.181.12,"Oil palm is a vital force in driving the energy business. In 2020, Thailand had 9,954.27 sq.km. (around 6,220,799 Rai) of oil palm plantations, ranking third in the world after Indonesia and Malaysia. Ranong has the highest oil palm crop yield per Rai in Thailand. Notwithstanding, it is challenging ",Indonesia,,SEA,2.1 Remote Sensing; 2.4 AI Models,No
"Nguyen, DN",Nguyen et al. (2024),Detection and mitigation of soil salinization risk from saline/brackish water aquaculture in coastal areas: an application of remote sensing and managed aquifer recharge,Detection and mitigation of soil salinization risk from sali,Satellite,,1,10.1007/s11852-024-01067-w,This study focuses on detecting and mitigating soil salinization in four coastal areas of the Mekong Delta (Vietnam). Salinity patterns in the soils of the Mekong River Delta are not random but linked to land use practices and distance to the sea. We examine two quick yet reliable remote sensing-bas,Vietnam,,SEA,2.1 Remote Sensing; 2.3 Robotics; Intro/Background,No
"Wikantika, K",Wikantika et al. (2023),"A Study on the Distribution Pattern of Banana Blood Disease (BBD) and Fusarium Wilt Using Multispectral Aerial Photos and a Handheld Spectrometer in Subang, Indonesia",A Study on the Distribution Pattern of Banana Blood Disease ,Drone,,1,10.3390/d15101046,"Knowledge of the health of banana trees is critical for farmers in order to profit from banana cultivation. Fusarium wilt and banana blood disease (BBD), two significant diseases that infect banana trees, are caused by Fusarium oxysporum and Ralstonia syzygii, respectively. They have caused a declin",Indonesia,,SEA,2.1 Remote Sensing; 2.3 Robotics; 2.4 AI Models; 3.1 HTP/Phenotyping; 4/5 Practical/Adoption,No
"Zahidi, I",Zahidi et al. (2024),Modelling public social values of flood-prone land use using the GIS application SolVES,Modelling public social values of flood-prone land use using,Satellite,,1,10.2166/hydro.2023.010,"Social values of land use are often excluded when undertaking integrated flood management as they are harder to quantify. To fill this research gap, a geographic information system application called Social Values for Ecosystem Services was used to assess, map and quantify the perceived social value",Malaysia,,SEA,2.1 Remote Sensing; 2.3 Robotics; 4/5 Practical/Adoption,No
"Quang, NH",Quang et al. (2025),Modelling sea and brackish water quality of Ha Long City (Vietnam) using machine learning and remote sensing techniques,Modelling sea and brackish water quality of Ha Long City (Vi,Satellite,,1,10.1016/j.asr.2024.12.065,"Water is the source of life on Earth and is therefore important in all aspects. However, water can be polluted from many sources such as industrial and domestic waste, agriculture disposals, and tourism. Ha Long, in Vietnam, is a UNESCO World Heritage Site, wellknown for its unique natural scenery o",Vietnam,,SEA,2.1 Remote Sensing; 2.4 AI Models,No
"Xiao, CW",Xiao et al. (2025),Patterns and drivers of population in the borderlands of Mainland Southeast Asia,Patterns and drivers of population in the borderlands of Mai,Satellite,,1,10.1016/j.habitatint.2025.103321,"Population concentration is a visible manifestation of the spatial pattern of demographic distribution, exerting significant impacts on local socio-economic and natural environment. Currently, population-analysis mainly focuses on administrative units, with limited attention given to borderlands cha",Cambodia,,SEA,2.1 Remote Sensing,No
"Zulkifli, M",Zulkifli et al. (2023),GEOSTATISTICAL ASSESSMENT OF HEAVY METALS AND NUTRIENTS AVAILABILITY IN SOIL OF OIL PALM PLANTATION AFFECTED BY BAUXITE MINING,GEOSTATISTICAL ASSESSMENT OF HEAVY METALS AND NUTRIENTS AVAI,Satellite,,1,10.21894/jopr.2022.0079,"This study describes the contamination of heavy metals (Cu, Zn, Mn, Pb and Fe) and their effect on K, Ca and Mg availability in oil palm cultivated areas affected by bauxite mining activities using the combinations of geostatistic and geospatial analysis. A total of 64 soil samples were collected co",Malaysia,,SEA,2.1 Remote Sensing,No
"Yu, EG",Yu et al. (2024),"Assess the Impact of Climate Change on Agricultural Productivity Using GES DISC Data on Temperature, Precipitation, and Drought Indices",Assess the Impact of Climate Change on Agricultural Producti,Satellite,,1,10.1109/Agro-Geoinformatics262780.2024.10661069,"In the face of global climate change, agricultural productivity is increasingly under threat, with changes in temperature, precipitation, and drought conditions significantly impacting crop yields and food security. This study presents a comprehensive regional-level analysis, leveraging rich dataset",Southeast Asia,,SEA,2.1 Remote Sensing; 2.4 AI Models; Intro/Background,No
"Zhang, JJ",Zhang et al. (2025),"Monitoring of ecological security patterns based on long-term land use changes in Langsa Bay, Indonesia",Monitoring of ecological security patterns based on long-ter,Satellite,,1,10.1080/17538947.2025.2495740,"Southeast Asian coastal zone boasts a concentration of land and marine resources with vulnerable habitats, especially in highly artificial bays. Yet systematic studies on their ecological security assessment are lacking. To investigate the dynamic relationship between land use and ecological securit",Indonesia,,SEA,2.1 Remote Sensing; Intro/Background,No
"Zachlod, N",Zachlod et al. (2025),Sustainable palm oil certification inadvertently affects production efficiency in Malaysia,Sustainable palm oil certification inadvertently affects pro,Satellite,,1,10.1038/s43247-025-02150-2,"Sustainability certifications have rapidly gained prominence and become standards across many industries, yet knowledge about the potential unintended consequences of their criteria remains limited. Here, we use European Space Agency multispectral imagery satellite data in combination with economic ",Malaysia,,SEA,2.1 Remote Sensing,No
"Cabangbang-Jaranilla, JT",Cabangbang-Jaranilla et al. (2025),Decreasing suitable coffee cultivation areas under climate change in the Philippines,Decreasing suitable coffee cultivation areas under climate c,Satellite,,1,10.1007/s10113-025-02398-6,"Climate change threatens food security and crop yield, negatively affecting the coffee industry in the Philippines for the last decade. Herein, species distribution modeling was implemented to map the potentially suitable habitats for cultivating the three topmost coffee crops (Coffea arabica, C. li",Philippines,,SEA,2.1 Remote Sensing; Intro/Background,No
"Suwanlee, SR",Suwanlee et al. (2025),Mapping sugarcane plantations in Northeast Thailand using multi-temporal data from multi-sensors and machine-learning algorithms,Mapping sugarcane plantations in Northeast Thailand using mu,Sensors; IoT,,1,10.1080/20964471.2025.2463730,"The effectiveness of machine learning algorithms and the limited reference data introduce uncertainness for sugarcane classification. To address these problems, our study classified sugarcane plantations at the field scale using multi-temporal and multi-sensor data together with a large number of gr",Thailand,,SEA,2.2 IoT; 2.4 AI Models,No
"Nguyen, AH",Nguyen et al. (2024),"Assessing groundwater vulnerability and addressing salinization in the coastal region of Ba Ria-Vung Tau province, Vietnam: an enhanced DRASTIC model approach",Assessing groundwater vulnerability and addressing salinizat,Satellite,,1,10.1007/s12665-023-11343-x,"For coastal areas, groundwater aquifers' salinization has intensified due to multiple reasons, e.g., climate changes, continuous groundwater exploitation, and other anthropogenic activities. In Ba Ria-Vung Tau province, the Pleistocene aquifer is an essential source of water supply for drinking, agr",Vietnam,,SEA,2.1 Remote Sensing,No
"Nguyen, CT",Nguyen et al. (2023),A regional assessment of ecological environment quality in Thailand special economic zone: Spatial heterogeneous influences and future prediction,A regional assessment of ecological environment quality in T,Satellite,,1,10.1002/ldr.4876,"Eastern Economic Corridor is a development plan under the Thailand 4.0 scheme to revitalize the economy. However, it has influenced the environment through numerous infrastructural and industrial projects. The ecological environment is the most fragile component since it is susceptible to land use, ",Thailand,,SEA,2.1 Remote Sensing; Intro/Background,No
"Basyuni, M",Basyuni et al. (2023),Aboveground biomass and carbon stock estimation using UAV photogrammetry in Indonesian mangroves and other competing land uses,Aboveground biomass and carbon stock estimation using UAV ph,Drone,,1,10.1016/j.ecoinf.2023.102227,"Mangrove ecosystem is one of coastal wetlands that have experienced significant anthropogenic driven degradation and conversion, which have resulted in substantial carbon releases to the atmosphere and the oceans. However, carbon stock assessments and monitoring for mangroves are mostly confined to ",Indonesia,,SEA,2.1 Remote Sensing; 3.1 HTP/Phenotyping; Intro/Background,No
"Potipat, J",Potipat et al. (2024),"Microplastic contamination in the Chanthaburi estuarine ecosystem, Eastern part of Thailand",Microplastic contamination in the Chanthaburi estuarine ecos,Satellite,,1,10.22438/jeb/45/2/MRN-5201,Aim: The prevalence of plastic particles has become a global crisis for the environment pollution and human life. This study aimed to investigate the contamination of microplastics (MPs) in marine environments and to determine the relationships between MPs pollution and types of land use. Methodolog,Thailand,,SEA,2.1 Remote Sensing; Intro/Background,No
"Irianto, K.D.",Irianto (2022),Design of Smart Farm Irrigation Monitoring System Using IoT and LoRA,Smart farm irrigation monitoring using IoT and LoRa communication,"IoT, LoRa, soil moisture sensor, water-level sensor",,Yes,https://doi.org/10.29207/resti.v6i1.3707,"Designs a smart irrigation monitoring system using IoT and LoRa for Indonesian farms in areas without GSM/internet access. LoRa transmits sensor data (soil moisture, water level, water discharge) to a Smartfarm web app accessible via smartphone. Addresses uneven water distribution and manual irrigation labor.",Indonesia,"LoRa, ESP32, Smartfarm web app",SEA_CORE,2.2 IoT,No
"Khairudin, M.; Fajar Dwi U, A.; Hakim, M.L.; Widowati, A.; Prasetyo, E.; Kurniawan, Y.; Azman, M.N.A.",Khairudin et al. (2023),IoT-based Smartfarm Technology for Rice Farming,"IoT-based smartfarm for rice — soil moisture, water level, air humidity, temperature monitoring","IoT, soil sensors, temperature/humidity sensors, web dashboard",,Yes,https://doi.org/10.25077/jnte.v12n2.1102.2023,"Develops IoT smartfarm system for rice cultivation in tropical Indonesia where dry-season water scarcity causes crop failure. Integrates ICTs to measure soil moisture, water level, air humidity, and temperature in real-time via a Smartfarm web accessible on smartphones.",Indonesia,"IoT sensors, microcontroller, Smartfarm web dashboard",SEA_CORE,2.2 IoT,No
"Thi, P.",Thi (2024),IoT Applications in Agriculture: Enhancing Crop Yield in Vietnam,IoT applications for soil monitoring and crop yield enhancement in Vietnam,"IoT, sensors (soil moisture, temperature, humidity), digital platform",,Yes,https://doi.org/10.47604/ajcet.2809,"Reviews IoT applications that have enhanced crop yield in Vietnam. Farmers use sensors and IoT devices to monitor soil moisture, temperature, and humidity in real-time, enabling optimization of irrigation and fertilization schedules.",Vietnam,"IoT sensors, cloud platform",SEA_CORE,2.2 IoT,No
"Trinh, D.C.; Mac, A.T.; Dang, K.G.; Nguyen, H.T.; Nguyen, H.T.; Bui, T.D.",Trinh et al. (2024),Alpha-EIOU-YOLOv8: An Improved Algorithm for Rice Leaf Disease Detection,"Rice leaf disease detection — blast, leaf folder, brown spot — using improved YOLOv8","Deep learning, YOLOv8, EIoU loss, α-IoU loss, object detection",,Yes,https://doi.org/10.3390/agriengineering6010018,"Proposes Alpha-EIOU-YOLOv8, a modified YOLOv8 replacing the standard Box Loss with a combination of EIoU and α-IoU loss functions to improve rice leaf disease detection. Detects three diseases (blast, leaf folder, brown spot) from field images. Achieves 89.9% accuracy on a dataset of 3,175 images.",Vietnam,"YOLOv8, Python, PyTorch",SEA_CORE,2.4 AI Models,No
"Lu, Y.; Yu, J.; Zhu, X. et al.",Lu et al. (2024),YOLOv8-Rice: a rice leaf disease detection model based on YOLOv8,Rice leaf disease detection using modified YOLOv8 with deformable convolutions and BiFPN,"Deep learning, YOLOv8n, deformable convolution, BiFPN feature fusion",,Yes,https://doi.org/10.1007/s10333-024-00990-w,Develops YOLOv8-Rice by incorporating deformable convolutions into the C2f module and replacing the neck with a weighted bidirectional feature pyramid network (BiFPN). Designed for efficient rice leaf disease detection applicable in rice-growing regions including Southeast Asia.,China,"YOLOv8, deformable convolution, BiFPN",GLOBAL_BG,2.4 AI Models,No
"Abu Sari, M.; Mohmad Hassim, Y.; Hidayat, R.; Ahmad, A.",Abu Sari et al. (2021),Monitoring Rice Crop and Paddy Field Condition Using UAV RGB Imagery,UAV RGB imaging for rice variety monitoring and paddy field condition assessment — seed certification support,"UAV, RGB camera, Agisoft PhotoScan, multirotor drone",Multirotor,Yes,https://doi.org/10.30630/joiv.5.4.742,Develops a drone image-based rice variety monitoring system to support seed certification inspection in Malaysia. Uses a multirotor UAV with RGB digital camera and Agisoft PhotoScan for image processing. Demonstrates affordable UAV-based crop monitoring using standard RGB imagery.,Malaysia,"UAV, RGB camera, Agisoft PhotoScan",SEA_CORE,2.1 Remote Sensing,No
"Maulana, N.; Zahari, M.; Mustaffha, N.; Ruslan, M.; Shamsi, S.; El Pebrian, D.",Maulana et al. (2024),"The Adoption of Drones Spraying Application in Bagan Terap, Malaysian Paddy Field: Farmer Perspectives and Technology Acceptance","UAV drone spraying adoption in Malaysian paddy fields — farmer attitude, social influence, economic factors","Survey, structural equation, technology acceptance model",Sprayer UAV,Yes,https://doi.org/10.53797/agrotech.v3i2.2.2024,"Surveys 88 farmers in IADA Bagan Terap on drone sprayer adoption. Finds positive outlook overall; attitude, social influence, economic factors, and perceived risk significantly predict willingness to adopt. Drones reduce spraying time by ≥33% vs. manual methods.",Malaysia,"Survey, correlation analysis",SEA_CORE,5 Pathways,No
"Nguyen, L.L.H.; Khuu, D.T.; Halibas, A.; Nguyen, T.Q.",Nguyen et al. (2024),Factors That Influence the Intention of Smallholder Rice Farmers to Adopt Cleaner Production Practices: An Empirical Study of Precision Agriculture Adoption,"Precision agriculture adoption intention — smallholder rice farmers, cooperatives, lead-firm role, Vietnam","Survey, structural equation modeling, TAM",,Yes,https://doi.org/10.1177/0193841X231200775,Examines factors influencing precision agriculture adoption by Vietnamese smallholder rice farmers. Highlights role of agricultural cooperatives as innovation intermediaries and lead firms' support. Average farm size (~1.2 ha) limits uptake; experts suggest ≥3–5 ha needed. Published in Evaluation Review 2024.,Vietnam,"Survey, SEM",SEA_CORE,5 Pathways,No
"Hoang, H.G.; Tran, H.D.",Hoang & Tran (2023),Smallholder farmers' perception and adoption of digital agricultural technologies: An empirical evidence from Vietnam,"Digital agriculture technology adoption by smallholder farmers — internet/connectivity, mobile apps, digital platforms, South Central Vietnam","Survey, binary logistic regression",,Yes,https://doi.org/10.1177/00307270231197825,"Surveys 202 smallholder farmers in South Central Vietnam on digital technology adoption. Internet/connectivity and mobile apps are the most-used technologies. Younger, more educated farmers with larger farms and scientist interactions are more likely adopters. Published in Outlook on Agriculture 2023.",Vietnam,"Survey, logistic regression",SEA_CORE,5 Pathways,No
"Sen, L.T.H.; Chou, P.; Dacuyan, F.B.; Nyberg, Y.; Wetterlind, J.",Sen et al. (2024),"Barriers and enablers of digital extension services' adoption among smallholder farmers: the case of Cambodia, the Philippines and Vietnam","Digital extension services adoption barriers and enablers — smallholder farmers, multi-country SEA","Survey, SEM, Theory of Planned Behaviour",,Yes,https://doi.org/10.1080/14735903.2024.2368351,"Surveys 937 farmers in Cambodia, Philippines, and Vietnam on barriers and enablers of digital extension service adoption using Theory of Planned Behaviour and structural equation modelling. Identifies farmer attitudes, subjective norms, and perceived behavioral control as key drivers.",Cambodia; Philippines; Vietnam,"Survey, SEM, TPB",SEA_CORE,5 Pathways,No
"Muangprathub, J.; Boonnam, N.; Kajornkasirat, S.; Lekbangpong, N.; Wanichsombat, A.; Nillaor, P.",Muangprathub et al. (2019),IoT and agriculture data analysis for smart farm,"IoT smart farm — soil moisture/temperature/humidity sensors, wireless sensor network, automatic irrigation, data mining for crop management, LINE API notifications","IoT, WSN, soil moisture sensors, data mining, mobile app, web app, LINE API",,Yes,https://doi.org/10.1016/j.compag.2018.12.011,"Proposes an IoT-based smart farm system for optimal irrigation using wireless soil moisture sensors, a web application with data mining for predicting optimal temperature/humidity/soil moisture, and a smartphone control app with LINE API notifications. Tested in Makhamtia District, Surat Thani Province, Thailand. Reduces costs and increases productivity. Published in COMPAG 156:467–474.",Thailand,"IoT sensors, WSN, data mining, LINE API, mobile/web app",SEA_CORE,2.2 IoT,No
"Choosumrong, S.; Piyathamrongchai, K.; Hataitara, R.; Soteyome, U.; Konkong, N.; Chalongsuppunyoo, R.; Raghavan, V.; Nemoto, T.",Choosumrong et al. (2025),Development of an IoT-Based Flood Monitoring System Integrated with GIS for Lowland Agricultural Areas,"IoT flood monitoring with GIS for lowland agricultural areas — ultrasonic water-level sensors, 1-m DEM, Python geospatial analysis, real-time inundation mapping","IoT, ultrasonic sensors, GIS, DEM, Python geospatial analysis, flood monitoring",,Yes,https://doi.org/10.3390/s25175477,"Develops an IoT flood monitoring system integrated with GIS for lowland agricultural areas in Thailand. Ten ultrasonic sensor stations monitor water levels; data is processed with 1-m DEM and Python geospatial analysis to generate real-time inundation maps. Naresuan University, Phitsanulok. Sensors 2025, 25(17):5477.",Thailand,"IoT, ultrasonic sensors, GIS, DEM, Python",SEA_CORE,2.2 IoT,No
"Prasanjana V., Herath I.S., Senadheera U.E., Darshani N.P., Suwan B.V.S., Madusanka C., Takimoto Y., Amila B., Hewawsam C., Jayasanka D.J., Nakayama T.",Jayasanka et al. (2025),Review of current robotic approaches for weed management in paddy cultivation,"Review of robotic weed management in paddy — mechanical, chemical, laser weeding; GNSS, LiDAR, AI-based navigation; amphibious platforms","Robotics, VRT, GNSS, LiDAR, AI, deep learning, laser weeding, mechanical weeding",,Yes,https://doi.org/10.1016/j.jafr.2025.102516,"Systematic review of robotic weed management technologies for paddy cultivation. Covers integration of mechanical/chemical/laser weeding with imaging systems, sensor technologies, AI algorithms, and robot navigation. Identifies challenges: high cost, terrain adaptability, socio-cultural resistance to adoption. Smart Agricultural Technology, 2025.","Sri Lanka, Japan","ML, GNSS, Computer Vision",GLOBAL_BG,2.3 Robotics,No
"Teoh Kean Hao, Lai Nai Shyan",Teoh & Lai (2024),Autonomous Harvesting Robot for Oil Palm Plantation: A Review,"Review of autonomous oil palm harvesting robots — ripeness detection, cutting mechanism, tree climbing, trajectory planning, localisation, navigation","Robotics, computer vision, machine learning, GPS, autonomous navigation",,Yes,https://doi.org/10.21894/jopr.2024.0008,"Reviews six key technologies for autonomous oil palm harvesting robots: ripeness detection, cutting mechanism, tree climbing, motion trajectory planning, localisation, and navigation/obstacle avoidance. Journal of Oil Palm Research, 2024. Relevant to Malaysia's labor-shortage-driven robotics adoption.",Malaysia,"Robotics, Computer Vision, GPS",SEA_CORE,2.3 Robotics,No
[Authors TBC — see DOI],Authors TBC (2024b),Oil Palm Loose Fruit Detection Using YOLOv4 for an Autonomous Mobile Robot Collector,"Oil palm loose fruit detection using YOLOv4 for autonomous mobile robot — image processing, GPS-based navigation, obstacle avoidance","YOLOv4, deep learning, object detection, autonomous robot, GPS navigation",,Yes,https://doi.org/10.1109/ACCESS.2024.3446890,"Applies YOLOv4 object detection for identifying oil palm loose fruits to guide an autonomous mobile robot collector. Integrates image processing, GPS-based human-follower and back-to-home navigation, and obstacle avoidance. IEEE Access, accepted August 2024.",Malaysia,"YOLOv4, deep learning, autonomous robot, GPS",SEA_CORE,2.3 Robotics; 2.4 AI Models,No
"Ting, Y.T.; Chan, K.Y.",Ting & Chan (2024),Optimising performances of LoRa based IoT enabled wireless sensor network for smart agriculture,"LoRa-IoT wireless sensor network for fruit and vegetable farms in Malaysia — optimising frequency, distance, and weather performance for affordable smart farm deployments","LoRa, IoT, WSN, soil moisture, temperature, humidity sensors",,Yes,https://doi.org/10.1016/j.jafr.2024.101093,"Optimises IoT LoRa parameter settings for affordable smart farm solutions targeting Malaysian fruit and vegetable farms. Investigates effects of LoRa frequency, distance, and weather conditions on system performance. Published in Journal of Agriculture and Food Research, 2024.",Malaysia,"LoRa, IoT, WSN, soil/weather sensors",SEA_CORE,2.2 IoT,No
"Mastul, A.H.; Awae, A.; Bara, Z.J.; Yaro, Y.",Mastul et al. (2023),The Use of IoT on Smart Agriculture in the Philippines: A Narrative Review,"Narrative review of IoT applications in Philippine agriculture — crop monitoring, livestock tracking, weather monitoring, automated irrigation, greenhouse automation, field mapping","IoT, sensors, automated irrigation, greenhouse automation, field mapping",,Yes,https://doi.org/10.56741/bst.v2i03.416,"Narrative review of IoT technology implementation in Philippine agriculture. Covers crop monitoring, livestock tracking, weather monitoring, automated irrigation, precision steering, greenhouse automation, and field mapping. Bincang Sains dan Teknologi, Vol. 2, No. 03, pp. 98–107.",Philippines,"IoT sensors, automated systems",SEA_CORE,2.2 IoT,No
"Nayak, A.; Chakraborty, S.; Swain, D.K.",Nayak et al. (2023),Application of smartphone-image processing and transfer learning for rice disease and nutrient deficiency detection,Smartphone-based transfer learning for detecting 12 rice diseases and nutrient deficiencies — MobileNetV2 Android app 'Rice Disease Detector',"Transfer learning, MobileNetV2, DenseNet201, ResNet50, Xception, smartphone app",,Yes,https://doi.org/10.1016/j.atech.2023.100195,"Applies smartphone image processing and transfer learning (DenseNet201, Xception, MobileNetV2, ResNet50) to classify 12 rice diseases and nutrient deficiency symptoms from 2,259 smartphone images. MobileNetV2 compiled into Android app 'Rice Disease Detector'. Smart Agricultural Technology, 4:100195, 2023.",India,"MobileNetV2, DenseNet201, ResNet50, Xception, Android app",GLOBAL_BG,2.4 AI Models,No
"Deng, J.; Yang, C.; Huang, K.; Lei, L.; Ye, J.; Zeng, W.; Zhang, J.; Lan, Y.; Zhang, Y.",Deng et al. (2023),Deep-Learning-Based Rice Disease and Insect Pest Detection on a Mobile Phone,Mobile phone-based deep learning for detecting 6 high-frequency rice diseases and insect pests using improved YOLOv5s and YOLOv7-tiny,"YOLOv5s, YOLOv7-tiny, deep learning, mobile deployment, object detection",,Yes,https://doi.org/10.3390/agronomy13082139,"Develops improved YOLOv5s and YOLOv7-tiny models for real-time detection of 6 high-frequency rice diseases and insect pests on mobile phones. Addresses poor accuracy from manual detection in the field. Agronomy 2023, 13(8):2139.",China,"YOLOv5s, YOLOv7-tiny, Python",GLOBAL_BG,2.4 AI Models,No
"Tingyan Fu, Shufang Tian, Qian Zhan",Fu et al. (2024),"Phenological analysis and yield estimation of rice based on multi-spectral and SAR data in Maha Sarakham, Thailand","Rice yield estimation using phenology analysis — cumulative NDVI/EVI logistic regression curves + Random Forest regression on Sentinel/Landsat imagery, Maha Sarakham NE Thailand","Remote sensing, SAR, multispectral, NDVI, EVI, Random Forest, phenology analysis",,Yes,https://doi.org/10.1080/14498596.2023.2184428,"Applies phenology-based regression using cumulative NDVI/EVI logistic regression curves (CNELRC) and SAR backscattering to estimate rice yield in Maha Sarakham, Thailand. Random Forest achieves R² = 0.95–0.96. Journal of Spatial Science, 2023.",Thailand (Maha Sarakham),"Sentinel-2, SAR, Random Forest, phenology analysis",SEA_CORE,2.1 Remote Sensing; 2.4 AI Models,No
"Jurawan Nontapon, Neti Srihanu, Niwat Bhumiphan, Nopanom Kaewhanam, Anongrit Kangrang, Umesh Bhurtyal, Niraj KC, Siwa Kaewplang, Alfredo Huete",Kaewplang et al. (2025),An Integrated Remote Sensing and Machine Learning Approach to Assess the Impact of Soil Salinity on Rice Yield in Northeastern Thailand,"RF/CART/SVR machine learning on fused Landsat-8 + Sentinel-2 imagery to predict rice yield and soil salinity in NE Thailand — 380 yield samples, 625 EC samples","Random Forest, CART, SVR, Landsat-8, Sentinel-2, data fusion, machine learning",,Yes,https://doi.org/10.3390/geomatics5040080,"Integrates Landsat-8 and Sentinel-2 imagery with RF, CART, and SVR models to predict rice yield (R² = 0.86) and soil salinity (R² = 0.93) in northeastern Thailand. Uses 380 yield and 625 soil EC samples collected in 2023. MDPI Soil Systems, 2025.",Thailand (Maha Sarakham),"Remote sensing, ML, soil salinity, rice yield",SEA_CORE,2.1 Remote Sensing; 2.4 AI Models,No
"Agussabti; Rahmaddiansyah; Hamid, A.H.; Zakaria; Munawar, A.A.; Abu Bakar, B.",Agussabti et al. (2022),"Farmers' perspectives on the adoption of smart farming technology to support food farming in Aceh Province, Indonesia","Smart farming technology adoption readiness — rice, maize, potato farmers + extension workers, Aceh Province Indonesia","Survey, adoption readiness measurement, SFT models, RITX application",,Yes,https://doi.org/10.1515/opag-2022-0145,"Examines smart farming technology (SFT) adoption readiness among 210 smallholder farmers (70 per commodity: rice, maize, potato) and 48 extension workers in Aceh, Indonesia. Farmers have positive perceptions but lower readiness than extension workers. Key barriers: climate change, low-capacity HR, and extension worker limitations. Open Agriculture, Vol. 7, pp. 857–870.",Indonesia,"Survey, readiness measurement scale",SEA_CORE,5 Pathways,No
"Nudthawud Homtong, Savittri Ratanopad Suwanlee, Surasak Keawsomsee, Kemin Kasa, Jaturong Som-ard, Sarawut Ninsawat, Narissara Nuthammachot, Dario Spiller, Filippo Sarvia",Som-ard et al. (2026a),Mapping spatiotemporal agricultural droughts from 2019 to 2024 in Northeast Thailand using multi-temporal and multiple sensor data together with random forest algorithm,Drought monitoring; Crop stress mapping,"Sentinel-2, Landsat, Random Forest, multi-temporal, drought mapping",NA,True,https://www.sciencedirect.com/science/article/pii/S0378377426000971,"Random Forest-based mapping of agricultural droughts in Northeast Thailand 2019–2024 using Sentinel-2, Landsat, and soil moisture index (SMI).",Thailand,"GEE, Random Forest, Sentinel-2, Landsat",SEA,2.1 Remote Sensing; 2.4 AI Models,False
"Savittri Ratanopad Suwanlee, Muhammad Hanif, Kemin Kasa, Surasak Keawsomsee, Jaturong Som-ard, Vorraveerukorn Veerachitt, Phattamon Heawchaiyaphum, Akkawat Puntura, Mohammad D. Hossain, Sarawut Ninsawat",Suwanlee et al. (2026a),Weed classification in sugarcane fields in Northeast Thailand from multi-temporal Sentinel-1 and Sentinel-2 data together with random forest algorithm,Weed detection; Sugarcane precision agriculture,"SAR (Sentinel-1), Multispectral (Sentinel-2), Random Forest, multi-temporal",NA,True,https://www.sciencedirect.com/science/article/pii/S2666017225001580,Multi-temporal Sentinel-1 SAR and Sentinel-2 optical fusion with Random Forest for weed classification in Northeast Thailand sugarcane fields.,Thailand,"Sentinel-1, Sentinel-2, GEE, Random Forest",SEA,2.1 Remote Sensing; 2.4 AI Models,False
"Thanaporn Singhpoo, Seree Wongpichet, Jetsada Posom, Kanda Runapongsa Saikaew, Arthit Phuphaphud, Poramate Banterng, Mahisorn Wongphati, Khwantri Saengprachatanarug",Singhpoo et al. (2024),"Design, development, and testing of a cassava storage root-cutting robot utilizing a Stewart platform and mask R-CNN for precision agriculture",Robotic harvesting; Cassava precision agriculture,"Mask R-CNN, Computer Vision, Stewart Platform, Robotics",NA,True,https://www.sciencedirect.com/science/article/pii/S2772375524002922,"A cassava root-cutting robot using Stewart platform mechanism and Mask R-CNN for cutting-point detection, developed and tested at Khon Kaen University.",Thailand,"Mask R-CNN, PyTorch, OpenCV",SEA,2.3 Robotics; 2.4 AI Models,False
"Thatchai Promphol, Jetsada Posom, Arthit Phuphaphud, Kittipong Laloon, Khwantri Saengprachatanarug",Promphol et al. (2026),A parameter-by-structure segmentation framework for enhanced CMD detection using UAV imagery and machine learning,Plant disease detection; UAV-based cassava monitoring,"UAV multispectral, OBIA, Mean-Shift segmentation, Random Forest, SVM, MLP",UAV (multispectral),True,https://www.sciencedirect.com/science/article/pii/S2772375526001620,OBIA and ML framework for cassava mosaic disease (CMD) detection in Thailand using UAV multispectral imagery; Parameter-by-Structure segmentation tailored to canopy morphology.,Thailand,"UAV, OBIA, Random Forest, SVM, MLP, Logistic Regression",SEA,2.1 Remote Sensing; 2.4 AI Models,False
"Savittri Ratanopad Suwanlee, Surasak Keawsomsee, Worasit Sangjan, Jaturong Som-ard, Kritsada Siripattanachotikul, Sarawut Ninsawat, Nudthawud Homtong",Suwanlee et al. (2025a),Spatio-Temporal Drought Monitoring in the Chi River Basin from 2001-2020 Using MODIS Time Series Data and Google Earth Engine,Drought monitoring; Agricultural water stress,"MODIS, GEE, TVDI, SPI, SDI, spatio-temporal analysis",NA,True,https://doi.org/10.52939/ijg.v21i1.3789,"20-year spatio-temporal drought mapping in Chi River Basin, Thailand using MODIS TVDI via Google Earth Engine; correlation with SPI and SDI indices.",Thailand,"MODIS, GEE, TVDI, SPI, SDI",SEA,2.1 Remote Sensing,False
"Savittri Ratanopad Suwanlee, Ittipon Khuimphukhieo, Akkaneerut Watwaingkham, Todtawan Sajan, Vorraveerukorn Veerachitt, Mohammad D. Hossain, Narissara Nuthammachot, Sarawut Ninsawat, Jaturong Som-ard",Suwanlee et al. (2026b),Scalable Mapping of Sugarcane Aboveground Biomass and Carbon Stock in Smallholder Fields of Northeast Thailand Using Multi-Sensor Data and Transfer Learning,Biomass estimation; Carbon stock mapping; Sugarcane,"Sentinel-1, Sentinel-2, Landsat 8/9, Random Forest Regression, SVR, Transfer Learning",NA,True,https://doi.org/10.1007/s41748-026-01046-1,Transfer learning and multi-sensor (SAR + optical) fusion for sugarcane AGB and carbon stock estimation across smallholder fields in Northeast Thailand; RFR R2=0.87.,Thailand,"Sentinel-1, Sentinel-2, Landsat, Random Forest, SVR, Transfer Learning",SEA,2.1 Remote Sensing; 2.4 AI Models,False
"Jaturong Som-ard, Savittri Ratanopad Suwanlee, Dusadee Pinasu, Surasak Keawsomsee, Kemin Kasa, Nattawut Seesanhao, Sarawut Ninsawat, Enrico Borgogno-Mondino, Filippo Sarvia",Som-ard et al. (2024),Evaluating Sugarcane Yield Estimation in Thailand Using Multi-Temporal Sentinel-2 and Landsat Data Together with Machine-Learning Algorithms,Yield estimation; Sugarcane precision agriculture,"Sentinel-2, Landsat, ML (multiple algorithms), multi-temporal, yield estimation",NA,True,https://doi.org/10.3390/land13091481,Multi-temporal Sentinel-2 and Landsat data with multiple ML algorithms for sugarcane yield estimation across Thailand; comparison of algorithm performance.,Thailand,"Sentinel-2, Landsat, ML (multiple), GEE",SEA,2.1 Remote Sensing; 2.4 AI Models,False
"Jaturong Som-ard, Markus Immitzer, Francesco Vuolo, Savittri Ratanopad Suwanlee, Surasak Keawsomsee, Kemin Kasa, Sarawut Ninsawat, Enrico Borgogno-Mondino, Filippo Sarvia",Som-ard et al. (2024b),Sugarcane yield estimation in Thailand at multiple scales using the integration of UAV and Sentinel-2 imagery,Yield estimation; Sugarcane precision agriculture,"UAV RGB, Sentinel-2, Random Forest, multi-scale, plant height CHM, yield mapping",UAV (RGB),True,https://doi.org/10.1007/s11119-024-10124-1,UAV-derived plant height maps used to generate intra-field yield data; upscaled to regional scale with Sentinel-2 and ML. Thailand (Udon Thani). Precision Agriculture 2024.,Thailand,"UAV, Sentinel-2, Random Forest, GEE",SEA,2.1 Remote Sensing; 2.4 AI Models,False
"Jaturong Som-ard, Markus Immitzer, Mohammad D. Hossain, Savittri Ratanopad Suwanlee, Surasak Keawsomsee, Kemin Kasa, Sarawut Ninsawat",Som-ard et al. (2025b),Integrating Multi-Temporal Satellite Data and Machine Learning Approaches for Crop Rotation Pattern Mapping in Thailand,Crop type mapping; Crop rotation; Land use,"Sentinel-1, Sentinel-2, Random Forest, SVM, Gradient Tree Boosting, multi-temporal, crop rotation",NA,True,https://doi.org/10.3390/rs17183156,Multi-temporal optical and SAR satellite data with RF/SVM/GBoost for 12-13 crop-type mapping across two Thai provinces; overall accuracy > 85%. Remote Sensing 2025.,Thailand,"Sentinel-1, Sentinel-2, Random Forest, SVM, GBoost, GEE",SEA,2.1 Remote Sensing; 2.4 AI Models,False
Khwantri Saengprachatanarug et al.,Saengprachatanarug et al. (2025),Potential for the Use of Machine Learning in Sugarcane Production in Thailand: A Review,Sugarcane production; Precision agriculture review,"Machine Learning, Deep Learning, UAV, Remote Sensing, Spectroscopy (review)",UAV,True,https://doi.org/10.1007/s12355-025-01713-z,"Comprehensive review of ML applications across all aspects of sugarcane production in Thailand — yield estimation, quality, disease, weed detection. Sugar Tech 2025.",Thailand,"ML (review), UAV, Remote Sensing, Spectroscopy",SEA,2.1 Remote Sensing; 2.4 AI Models; Intro/Background,False
"Surasak Keawsomsee, Nudthawud Homtong, Savittri Ratanopad Suwanlee, Jaturong Som-ard, Sarawut Ninsawat",Keawsomsee et al. (2025),Evaluating and mapping spatial drought in northeast Thailand: utilizing analytic hierarchy process and random forest algorithms,Drought assessment; Agricultural risk mapping,"AHP, Random Forest, satellite remote sensing, drought indices",NA,True,https://doi.org/10.1080/10106049.2025.2518413,AHP-RF hybrid approach for spatial drought mapping in NE Thailand. Geocarto International 2025.,Thailand,"Random Forest, AHP, GEE",SEA,2.1 Remote Sensing; 2.4 AI Models,False
"Savittri Ratanopad Suwanlee, Surasak Keawsomsee, Morakot Pengjunsang, Nudthawud Homtong, Jaturong Som-ard, Sarawut Ninsawat",Suwanlee et al. (2023),"Monitoring Agricultural Land and Land Cover Change from 2001-2021 of the Chi River Basin, Thailand Using Multi-Temporal Landsat Data Based on Google Earth Engine",Land cover change; Agricultural monitoring,"Landsat time-series, GEE, land cover classification, crop mapping",NA,True,https://doi.org/10.3390/rs15174339,"20-year Landsat time-series in GEE for agricultural land and crop type monitoring (rice, cassava, rubber, sugarcane) in Chi River Basin, NE Thailand. Remote Sensing 2023.",Thailand,"Landsat, GEE, ML classifiers",SEA,2.1 Remote Sensing,False
"Grissanapol Logavitool, Teerayut Horanont, Aditya Thapa, Kanlaya Intarat, Kittipat Wuttiwong",Logavitool et al. (2025),Field-scale detection of Bacterial Leaf Blight in rice based on UAV multispectral imaging and deep learning frameworks,Crop disease detection; Rice precision agriculture,"UAV multispectral, U-Net, ResNet-101, NDVI, NDRE, semantic segmentation",UAV (multispectral),True,https://doi.org/10.1371/journal.pone.0314535,U-Net with ResNet-101 backbone for field-scale BLB detection in Thai rice (Pathum Thani); multispectral+NDVI achieved mIoU 97.20%. PLoS ONE 2025.,Thailand,"U-Net, ResNet-101, UAV multispectral",SEA,2.1 Remote Sensing; 2.4 AI Models,False
"Savittri Ratanopad Suwanlee, Surasak Keawsomsee, Emma Izquierdo-Verdiguier, Alvaro Moreno-Martinez, Sarawut Ninsawat, Jaturong Som-ard",Suwanlee et al. (2025c),Synergistic use of multi-sensor satellite data for mapping crop types and land cover dynamics from 2021 to 2023 in Northeast Thailand,Crop type mapping; Land cover dynamics,"Multi-sensor satellite, SAR, optical, machine learning, crop mapping",NA,True,https://doi.org/10.1016/j.jag.2025.104673,Multi-sensor (SAR + optical) satellite fusion for crop type and land cover dynamics mapping in NE Thailand 2021-2023. IJAEOG/JAG 2025.,Thailand,"Sentinel-1, Sentinel-2, Landsat, ML",SEA,2.1 Remote Sensing; 2.4 AI Models,False
"Fadillah Indra Ginting, Rudiyanto, Fatchurrachman, Micha Silver, Markus Immitzer, Christoph Atzberger, Budiman Minasny",Ginting et al. (2025),High-resolution maps of rice cropping intensity across Southeast Asia,Rice mapping; Cropping intensity; Regional monitoring,"Sentinel-1, Sentinel-2, LUCK-PALM method, unsupervised classification, rice mapping",NA,True,https://doi.org/10.1038/s41597-025-05722-1,10-m resolution rice cropping intensity maps for all of Southeast Asia (2020-21) using Sentinel-1+2 and LUCK-PALM; overall accuracy 0.98. Scientific Data 2025.,Southeast Asia (Multi-country),"Sentinel-1, Sentinel-2, GEE, LUCK-PALM",SEA,2.1 Remote Sensing; 2.4 AI Models,False
"Caihui Li, Bangqian Chen, Xincheng Wang, Meilina Ong-Abdullah, Zhixiang Wu, Guoyu Lan, Kamil Azmi Tohiran, Bettycopa Amit, Hongyan Lai, Guizhen Wang, Ting Yun, Weili Kou",Li et al. (2025),Integrating Multi-Temporal Landsat and Sentinel Data for Enhanced Oil Palm Plantation Mapping and Age Estimation in Malaysia,Oil palm mapping; Plantation age estimation,"Landsat, Sentinel-2, multi-temporal, oil palm mapping, ML",NA,True,https://doi.org/10.3390/rs17162908,Multi-temporal Landsat and Sentinel-2 fusion for oil palm plantation mapping and age estimation in Malaysia. Remote Sensing 2025.,Malaysia,"Landsat, Sentinel-2, ML",SEA,2.1 Remote Sensing,False
Uy (author name TBC),Uy (2025),Digital technology adoption among smallholder farmers in Vietnam: Implications for digital agricultural extension strategies,Digital technology adoption; Agricultural extension,"Survey, Poisson Regression, digital extension, adoption factors",NA,True,https://doi.org/10.1002/jid.3904,"Survey of 455 farmers in Quang Tri Province, Vietnam; Poisson Regression identifies education, farm size, internet access as key digital technology adoption drivers. JID 2025.",Vietnam,"Survey, Poisson Regression",SEA,5 Pathways; 4 Smallholders,False
"Hung Gia Hoang, Hoa Dang Tran",Hoang & Tran (2023),Smallholder farmers' perception and adoption of digital agricultural technologies: An empirical evidence from Vietnam,Technology adoption; Smallholder agriculture,"Survey, adoption barriers, digital agriculture, perception",NA,True,https://doi.org/10.1177/00307270231197825,Empirical study of smallholder perceptions toward digital agricultural technologies in South Central Vietnam; identifies key barriers and enablers. Outlook on Agriculture 2023.,Vietnam,"Survey, statistical analysis",SEA,5 Pathways; 4 Smallholders,False
"Duyen Lan Nguyen, Hon Van Cao, Vi Thanh Thi Duong, Nguyet Anh Thi Nguyen",Nguyen et al. (2025b),Digital Technology Adoption and its impact on household efficiency: case study drones in rural Vietnam,Drone adoption; Household efficiency; Digital agriculture,"Survey, econometric analysis, drone technology, household efficiency",Drone (fixed-wing/multirotor),True,https://doi.org/10.1016/j.atech.2025.100980,"Impact of drone adoption on productivity and profitability of 470 rice-growing households in Mekong Delta, Vietnam. Smart Agricultural Technology 2025.",Vietnam,"Econometrics, survey",SEA,4 Smallholders; 5 Pathways,False
"Hussin, M.A.; Yahya, A.; Chew, I.M.L.; Rahiman, W.; Mohamad Zamri, M.A.",Hussin et al. (2025),An Integrated IoT- and ML-Based Smart Management System for Oil Palm Production,Smart management system for oil palm production using IoT and ML,"IoT sensors, machine learning",,Yes,https://doi.org/10.3390/su172411204,"Integrated IoT and ML platform for oil palm plantation management in Malaysia, covering soil monitoring, weather sensing, yield prediction, and remote alert systems.",Malaysia,"IoT, ML",SEA,2.2 IoT; 2.4 AI Models,
"Azfar, M.H.; Ismail, Z.; Bakar, S.A.; Hamzah, A.",Azfar et al. (2024),Machine Learning for Automated Oil Palm Fresh Fruit Bunch Grading and Quality Inspection,Automated oil palm fresh fruit bunch grading and quality inspection,"Machine learning, computer vision",,Yes,https://doi.org/10.1016/j.atech.2024.100596,"ML-based automated grading system for oil palm fresh fruit bunches in Malaysia, using computer vision for ripeness and quality classification on farm.",Malaysia,"ML, Computer Vision",SEA,2.3 Robotics; 2.4 AI Models,
